CODE_ISO;GMDNR;GMDNAME;AREA_HA;ACODE;ACAT;ANAME;E_CNTR;N_CNTR
CH;1;Aeugst am Albis;791;261;4;Zürich;2679300;1235700
CH;2;Affoltern am Albis;1059;261;3;Zürich;2676800;1236800
CH;3;Bonstetten;743;261;4;Zürich;2677800;1241000
CH;4;Hausen am Albis;1360;261;4;Zürich;2682900;1233100
CH;5;Hedingen;653;261;3;Zürich;2676400;1239000
CH;7;Knonau;647;1711;4;Zug;2677500;1230900
CH;8;Maschwanden;469;261;4;Zürich;2674800;1232000
CH;9;Mettmenstetten;1303;261;4;Zürich;2677600;1233000
CH;10;Obfelden;754;261;4;Zürich;2675100;1235300
CH;11;Ottenbach;502;261;4;Zürich;2673000;1237200
CH;12;Rifferswil;651;261;4;Zürich;2680100;1232800
CH;13;Stallikon;1202;261;4;Zürich;2679500;1242100
CH;14;Wettswil am Albis;377;261;4;Zürich;2678200;1243700
CH;23;Berg am Irchel;701;261;4;Zürich;2687200;1269400
CH;27;Feuerthalen;248;T_2939;2;Schaffhausen (CH);2690400;1283000
CH;29;Flurlingen;242;T_2939;2;Schaffhausen (CH);2689400;1282000
CH;34;Laufen-Uhwiesen;628;T_2939;4;Schaffhausen (CH);2689800;1280600
CH;51;Bachenbülach;431;261;3;Zürich;2683600;1262000
CH;52;Bassersdorf;903;261;2;Zürich;2689800;1255500
CH;53;Bülach;1609;261;3;Zürich;2683000;1263700
CH;54;Dietlikon;425;261;2;Zürich;2689000;1253400
CH;55;Eglisau;906;261;4;Zürich;2681600;1269900
CH;56;Embrach;1269;261;3;Zürich;2687100;1262000
CH;57;Freienstein-Teufen;840;261;3;Zürich;2686300;1265100
CH;58;Glattfelden;1229;261;4;Zürich;2680000;1268000
CH;59;Hochfelden;617;261;4;Zürich;2681200;1264100
CH;60;Höri;479;261;3;Zürich;2680600;1262400
CH;61;Hüntwangen;491;261;4;Zürich;2679200;1272200
CH;62;Kloten;1927;261;2;Zürich;2686300;1256300
CH;63;Lufingen;518;261;4;Zürich;2687200;1260500
CH;64;Nürensdorf;1004;261;4;Zürich;2691300;1255800
CH;65;Oberembrach;1026;261;4;Zürich;2688900;1260300
CH;66;Opfikon;559;261;2;Zürich;2685900;1254100
CH;67;Rafz;1068;261;4;Zürich;2682600;1274100
CH;68;Rorbas;444;261;3;Zürich;2685700;1264800
CH;69;Wallisellen;642;261;2;Zürich;2687200;1252200
CH;70;Wasterkingen;396;261;4;Zürich;2677800;1271600
CH;71;Wil (ZH);894;261;4;Zürich;2680400;1273300
CH;72;Winkel;811;261;3;Zürich;2684200;1260800
CH;81;Bachs;913;261;4;Zürich;2675400;1264300
CH;82;Boppelsen;396;261;4;Zürich;2672600;1258200
CH;83;Buchs (ZH);584;261;4;Zürich;2675400;1256800
CH;84;Dällikon;451;261;4;Zürich;2675400;1254800
CH;85;Dänikon;287;261;4;Zürich;2672900;1255400
CH;86;Dielsdorf;587;261;4;Zürich;2676500;1259600
CH;87;Hüttikon;159;261;4;Zürich;2671500;1255400
CH;88;Neerach;604;261;4;Zürich;2678000;1263000
CH;89;Niederglatt;360;261;3;Zürich;2680300;1260600
CH;90;Niederhasli;1130;261;3;Zürich;2678900;1259500
CH;91;Niederweningen;685;261;4;Zürich;2670700;1262000
CH;92;Oberglatt;825;261;3;Zürich;2681500;1259000
CH;93;Oberweningen;494;261;4;Zürich;2672900;1261700
CH;94;Otelfingen;715;261;4;Zürich;2671500;1257200
CH;95;Regensberg;237;261;4;Zürich;2675400;1259600
CH;96;Regensdorf;1462;261;3;Zürich;2677500;1253800
CH;97;Rümlang;1241;261;4;Zürich;2682400;1256200
CH;98;Schleinikon;568;261;4;Zürich;2672100;1261200
CH;99;Schöfflisdorf;401;261;4;Zürich;2673700;1261500
CH;100;Stadel;1289;261;4;Zürich;2677500;1264700
CH;101;Steinmaur;939;261;4;Zürich;2676600;1261500
CH;102;Weiach;958;261;4;Zürich;2675200;1267800
CH;111;Bäretswil;2219;261;4;Zürich;2707200;1243800
CH;112;Bubikon;1161;261;4;Zürich;2704400;1236300
CH;113;Dürnten;1022;3336;2;Rapperswil-Jona – Rüti;2706200;1237200
CH;115;Gossau (ZH);1826;261;4;Zürich;2699600;1240400
CH;116;Grüningen;879;261;4;Zürich;2700200;1237900
CH;117;Hinwil;2228;261;4;Zürich;2706400;1239800
CH;118;Rüti (ZH);1006;3336;1;Rapperswil-Jona – Rüti;2707000;1235300
CH;119;Seegräben;377;261;4;Zürich;2700800;1244300
CH;121;Wetzikon (ZH);1681;261;3;Zürich;2702700;1242100
CH;131;Adliswil;777;261;2;Zürich;2682200;1240700
CH;135;Kilchberg (ZH);258;261;2;Zürich;2683400;1241300
CH;136;Langnau am Albis;867;261;2;Zürich;2683400;1238100
CH;137;Oberrieden;279;261;2;Zürich;2686300;1236800
CH;138;Richterswil;753;261;3;Zürich;2696000;1229300
CH;139;Rüschlikon;293;261;2;Zürich;2684400;1240400
CH;141;Thalwil;550;261;2;Zürich;2685500;1238300
CH;151;Erlenbach (ZH);289;261;2;Zürich;2687200;1239800
CH;152;Herrliberg;899;261;2;Zürich;2688700;1237700
CH;153;Hombrechtikon;1218;261;4;Zürich;2700500;1234300
CH;154;Küsnacht (ZH);1236;261;2;Zürich;2686600;1241300
CH;155;Männedorf;477;261;3;Zürich;2695200;1234400
CH;156;Meilen;1194;261;3;Zürich;2691300;1236100
CH;157;Oetwil am See;611;261;4;Zürich;2697000;1236300
CH;158;Stäfa;859;261;3;Zürich;2697000;1233000
CH;159;Uetikon am See;346;261;3;Zürich;2693800;1235400
CH;160;Zumikon;548;261;2;Zürich;2689700;1242900
CH;161;Zollikon;785;261;2;Zürich;2685800;1243800
CH;172;Fehraltorf;947;261;4;Zürich;2699200;1249400
CH;173;Hittnau;1295;261;4;Zürich;2704800;1246900
CH;176;Lindau;1199;261;4;Zürich;2693000;1255300
CH;177;Pfäffikon;1952;261;4;Zürich;2701700;1246900
CH;178;Russikon;1421;261;4;Zürich;2701000;1250200
CH;180;Weisslingen;1281;261;4;Zürich;2700000;1254300
CH;182;Wildberg;1057;261;4;Zürich;2704000;1253800
CH;191;Dübendorf;1362;261;2;Zürich;2689300;1250400
CH;192;Egg;1453;261;4;Zürich;2694700;1239600
CH;193;Fällanden;638;261;4;Zürich;2690700;1247300
CH;194;Greifensee;227;261;2;Zürich;2693600;1246800
CH;195;Maur;1477;261;4;Zürich;2693000;1244000
CH;196;Mönchaltorf;759;261;4;Zürich;2697000;1240700
CH;197;Schwerzenbach;262;261;2;Zürich;2692200;1248800
CH;198;Uster;2849;261;3;Zürich;2696700;1245000
CH;199;Volketswil;1404;261;2;Zürich;2694800;1249500
CH;200;Wangen-Brüttisellen;792;261;2;Zürich;2691100;1251800
CH;213;Brütten;660;261;4;Zürich;2693100;1258700
CH;215;Dättlikon;288;261;4;Zürich;2689300;1264300
CH;219;Elsau;807;230;2;Winterthur;2702700;1262500
CH;223;Neftenbach;1507;230;2;Winterthur;2692500;1264900
CH;224;Pfungen;499;261;4;Zürich;2690500;1263400
CH;225;Rickenbach (ZH);602;230;4;Winterthur;2702200;1267700
CH;226;Schlatt (ZH);897;230;4;Winterthur;2704700;1258400
CH;227;Seuzach;756;230;4;Winterthur;2697400;1265800
CH;230;Winterthur;6807;230;1;Winterthur;2697200;1261700
CH;241;Aesch (ZH);524;261;4;Zürich;2675500;1243300
CH;242;Birmensdorf (ZH);1142;261;4;Zürich;2675500;1245400
CH;243;Dietikon;934;261;2;Zürich;2672500;1251000
CH;244;Geroldswil;193;261;2;Zürich;2673400;1252600
CH;245;Oberengstringen;215;261;2;Zürich;2677300;1251400
CH;246;Oetwil an der Limmat;277;261;2;Zürich;2672200;1253500
CH;247;Schlieren;659;261;2;Zürich;2676200;1250000
CH;248;Uitikon;438;261;4;Zürich;2676600;1247200
CH;249;Unterengstringen;334;261;2;Zürich;2676300;1251600
CH;250;Urdorf;758;261;2;Zürich;2674400;1248400
CH;251;Weiningen (ZH);537;261;2;Zürich;2675200;1252600
CH;261;Zürich;8793;261;1;Zürich;2683100;1247100
CH;293;Wädenswil;3564;261;3;Zürich;2693400;1231600
CH;294;Elgg;2439;230;4;Winterthur;2707700;1260900
CH;295;Horgen;3083;261;2;Zürich;2687800;1234900
CH;296;Illnau-Effretikon;3291;261;3;Zürich;2694200;1253700
CH;298;Wiesendangen;1917;230;4;Winterthur;2701700;1264300
CH;306;Lyss;1483;90306;6;Lyss;2590000;1213700
CH;307;Meikirch;1023;351;4;Bern;2594300;1206500
CH;309;Radelfingen;1471;351;4;Bern;2587400;1207800
CH;310;Rapperswil (BE);2258;351;4;Bern;2597900;1212500
CH;311;Schüpfen;1984;351;4;Bern;2595400;1209700
CH;329;Langenthal;2113;90329;6;Langenthal;2626400;1229100
CH;331;Lotzwil;622;90329;6;Langenthal;2626700;1226700
CH;351;Bern;5162;351;1;Bern;2600100;1199700
CH;352;Bolligen;1657;351;2;Bern;2604300;1202600
CH;353;Bremgarten bei Bern;190;351;2;Bern;2600000;1203100
CH;354;Kirchlindach;1196;351;4;Bern;2598200;1205500
CH;355;Köniz;5101;351;2;Bern;2598300;1197200
CH;356;Muri bei Bern;763;351;2;Bern;2603700;1197700
CH;357;Oberbalm;1239;351;4;Bern;2597400;1191400
CH;358;Stettlen;350;351;2;Bern;2606500;1200900
CH;359;Vechigen;2482;351;2;Bern;2609300;1199400
CH;360;Wohlen bei Bern;3632;351;4;Bern;2593900;1202500
CH;361;Zollikofen;539;351;2;Bern;2601200;1205300
CH;362;Ittigen;420;351;2;Bern;2603100;1202700
CH;363;Ostermundigen;596;351;2;Bern;2603600;1200600
CH;371;Biel/Bienne;2119;371;1;Biel/Bienne;2585500;1221200
CH;372;Evilard;370;371;2;Biel/Bienne;2585000;1222000
CH;387;Lengnau (BE);741;2546;2;Grenchen;2594500;1225700
CH;390;Meinisberg;439;371;4;Biel/Bienne;2593200;1223200
CH;392;Pieterlen;835;371;4;Biel/Bienne;2592300;1224900
CH;401;Aefligen;204;90412;6;Kirchberg (BE);2609000;1216000
CH;403;Bäriswil;273;351;2;Bern;2606700;1207600
CH;404;Burgdorf;1556;90404;6;Burgdorf;2614000;1211700
CH;405;Ersigen;1546;90412;6;Kirchberg (BE);2612000;1216000
CH;409;Hindelbank;969;351;4;Bern;2607800;1210100
CH;412;Kirchberg (BE);905;90412;6;Kirchberg (BE);2611000;1214800
CH;414;Krauchthal;1944;351;4;Bern;2609700;1206500
CH;418;Oberburg;1414;90404;6;Burgdorf;2614300;1209600
CH;420;Rüdtligen-Alchenflüh;272;90412;6;Kirchberg (BE);2610000;1215100
CH;435;La Ferrière;1416;T_6421;4;La Chaux-de-Fonds – Le Locle (CH);2558700;1221200
CH;438;Orvin;2159;371;4;Biel/Bienne;2583000;1223300
CH;442;Romont (BE);702;371;4;Biel/Bienne;2592600;1226400
CH;449;Sauge;1346;371;4;Biel/Bienne;2588500;1226400
CH;450;Péry-La Heutte;2378;371;4;Biel/Bienne;2585700;1227000
CH;535;Deisswil bei Münchenbuchsee;216;351;4;Bern;2601300;1209300
CH;538;Fraubrunnen;3191;351;4;Bern;2606500;1215000
CH;540;Jegenstorf;1349;351;4;Bern;2605100;1210800
CH;541;Iffwil;506;351;4;Bern;2603100;1212500
CH;543;Mattstetten;379;351;4;Bern;2605700;1208800
CH;544;Moosseedorf;638;351;2;Bern;2603300;1207200
CH;546;Münchenbuchsee;1167;351;4;Bern;2600900;1207800
CH;551;Urtenen-Schönbühl;719;351;2;Bern;2604500;1208500
CH;553;Wiggiswil;144;351;4;Bern;2602300;1208800
CH;557;Zuzwil (BE);347;351;4;Bern;2602600;1211100
CH;572;Bönigen;1508;581;2;Interlaken;2634900;1170600
CH;575;Därligen;693;581;4;Interlaken;2628300;1167900
CH;581;Interlaken;427;581;1;Interlaken;2632000;1170300
CH;587;Matten bei Interlaken;591;581;2;Interlaken;2632800;1169700
CH;588;Niederried bei Interlaken;415;581;4;Interlaken;2637600;1174200
CH;590;Ringgenberg (BE);888;581;4;Interlaken;2635000;1172400
CH;591;Saxeten;1938;581;4;Interlaken;2630100;1165100
CH;593;Unterseen;1399;581;2;Interlaken;2631200;1170400
CH;594;Wilderswil;1319;581;4;Interlaken;2632600;1168000
CH;603;Biglen;359;351;4;Bern;2614400;1197300
CH;608;Grosshöchstetten;693;351;4;Bern;2615200;1195100
CH;609;Häutligen;307;351;4;Bern;2612700;1189600
CH;610;Herbligen;276;351;4;Bern;2612800;1186400
CH;611;Kiesen;469;351;4;Bern;2611000;1185400
CH;612;Konolfingen;1277;351;4;Bern;2613900;1192000
CH;616;Münsingen;1577;351;3;Bern;2609400;1191500
CH;617;Niederhünigen;542;351;4;Bern;2615200;1191800
CH;622;Oppligen;340;351;4;Bern;2612200;1185600
CH;623;Rubigen;692;351;4;Bern;2608200;1194200
CH;627;Worb;2108;351;4;Bern;2609500;1197600
CH;628;Zäziwil;541;351;4;Bern;2616900;1194500
CH;630;Allmendingen;381;351;4;Bern;2606600;1195900
CH;632;Wichtrach;1160;351;4;Bern;2610500;1188700
CH;662;Ferenbalm;913;351;4;Bern;2582700;1198800
CH;663;Frauenkappelen;929;351;4;Bern;2592300;1200400
CH;666;Kriechenwil;477;351;4;Bern;2583900;1195600
CH;667;Laupen;414;351;4;Bern;2584800;1194600
CH;668;Mühleberg;2626;351;4;Bern;2586600;1200400
CH;669;Münchenwiler;248;92275;6;Murten;2576200;1195800
CH;670;Neuenegg;2183;351;4;Bern;2589700;1193800
CH;731;Aegerten;216;371;2;Biel/Bienne;2588600;1219000
CH;732;Bellmund;379;371;2;Biel/Bienne;2585300;1217200
CH;733;Brügg;500;371;2;Biel/Bienne;2588200;1219200
CH;738;Jens;458;371;4;Biel/Bienne;2586600;1216300
CH;739;Ipsach;190;371;2;Biel/Bienne;2584500;1218400
CH;740;Ligerz;179;371;4;Biel/Bienne;2577100;1214900
CH;741;Merzligen;230;371;4;Biel/Bienne;2585800;1215100
CH;742;Mörigen;216;371;4;Biel/Bienne;2582900;1214900
CH;743;Nidau;152;371;2;Biel/Bienne;2584900;1219300
CH;744;Orpund;397;371;4;Biel/Bienne;2590000;1220900
CH;745;Port;246;371;2;Biel/Bienne;2586100;1218400
CH;746;Safnern;562;371;4;Biel/Bienne;2591300;1222100
CH;747;Scheuren;211;371;4;Biel/Bienne;2590800;1220300
CH;748;Schwadernau;415;371;2;Biel/Bienne;2590000;1219800
CH;749;Studen (BE);273;371;2;Biel/Bienne;2589300;1218400
CH;750;Sutz-Lattrigen;357;371;4;Biel/Bienne;2583300;1216800
CH;755;Worben;276;371;2;Biel/Bienne;2588700;1216300
CH;756;Twann-Tüscherz;1233;371;4;Biel/Bienne;2578600;1215900
CH;768;Spiez;1670;90768;6;Spiez;2618600;1170600
CH;770;Stocken-Höfen;1422;942;4;Thun;2608900;1174000
CH;855;Schwarzenburg;4480;351;4;Bern;2592600;1185200
CH;861;Belp;2326;351;4;Bern;2604700;1193300
CH;866;Gerzensee;781;351;4;Bern;2608200;1187600
CH;868;Jaberg;131;351;4;Bern;2610000;1185100
CH;869;Kaufdorf;206;351;4;Bern;2604600;1187500
CH;870;Kehrsatz;444;351;2;Bern;2602500;1195400
CH;872;Kirchdorf (BE);1462;351;4;Bern;2608500;1185500
CH;877;Niedermuhlern;726;351;4;Bern;2602100;1190000
CH;884;Toffen;488;351;4;Bern;2604000;1189800
CH;885;Uttigen;381;351;4;Bern;2610400;1182600
CH;888;Wald (BE);1330;351;4;Bern;2602500;1192300
CH;889;Thurnen;595;351;4;Bern;2605300;1184700
CH;921;Amsoldingen;471;942;4;Thun;2610900;1175100
CH;925;Fahrni;668;942;4;Thun;2616500;1182500
CH;927;Heiligenschwendi;555;942;4;Thun;2619000;1177600
CH;928;Heimberg;544;942;2;Thun;2612800;1182500
CH;929;Hilterfingen;281;942;2;Thun;2616000;1177200
CH;931;Homberg;651;942;4;Thun;2618800;1180500
CH;932;Horrenbach-Buchen;2040;942;4;Thun;2624000;1181100
CH;934;Oberhofen am Thunersee;271;942;2;Thun;2617600;1175500
CH;939;Steffisburg;1481;942;2;Thun;2615000;1180700
CH;941;Thierachern;753;942;2;Thun;2610200;1177900
CH;942;Thun;2157;942;1;Thun;2614200;1178400
CH;945;Unterlangenegg;680;942;4;Thun;2620000;1182800
CH;947;Zwieselberg;246;942;4;Thun;2613600;1173000
CH;981;Niederbipp;1977;92407;6;Oensingen;2619500;1235100
CH;1024;Emmen;2037;1061;2;Luzern;2664800;1214100
CH;1026;Eschenbach (LU);1321;1061;4;Luzern;2666900;1220500
CH;1033;Inwil;1032;1061;4;Luzern;2669200;1219500
CH;1037;Rain;942;1061;4;Luzern;2661900;1220000
CH;1040;Rothenburg;1549;1061;2;Luzern;2663000;1216600
CH;1051;Adligenswil;699;1061;2;Luzern;2670300;1213700
CH;1052;Buchrain;480;1061;2;Luzern;2669000;1216500
CH;1053;Dierikon;278;1061;2;Luzern;2670800;1216700
CH;1054;Ebikon;968;1061;2;Luzern;2668600;1215000
CH;1058;Horw;1286;1061;2;Luzern;2666300;1207900
CH;1059;Kriens;2730;1061;2;Luzern;2663800;1209600
CH;1061;Luzern;2910;1061;1;Luzern;2666200;1211800
CH;1062;Malters;2857;1061;4;Luzern;2656700;1209800
CH;1063;Meggen;727;1061;2;Luzern;2671000;1211000
CH;1064;Meierskappel;680;1711;4;Zug;2676200;1219800
CH;1066;Schwarzenberg;3930;1061;4;Luzern;2655900;1207600
CH;1067;Udligenswil;622;1061;4;Luzern;2673100;1215900
CH;1088;Hildisrieden;704;1061;4;Luzern;2660000;1222500
CH;1093;Neuenkirch;2548;1061;4;Luzern;2658100;1216700
CH;1095;Oberkirch;910;91103;6;Sursee;2651300;1223000
CH;1099;Schenkon;674;91103;6;Sursee;2653100;1224800
CH;1103;Sursee;583;91103;6;Sursee;2650700;1224700
CH;1147;Wikon;828;2581;2;Olten – Zofingen;2640300;1234700
CH;1201;Altdorf (UR);1021;1201;1;Altdorf (UR);2691800;1192900
CH;1203;Attinghausen;4689;1201;2;Altdorf (UR);2690900;1190700
CH;1205;Bürglen (UR);5306;1201;2;Altdorf (UR);2693300;1192300
CH;1206;Erstfeld;5908;1201;4;Altdorf (UR);2692500;1186300
CH;1207;Flüelen;1239;1201;2;Altdorf (UR);2690400;1195600
CH;1211;Isenthal;6097;1201;4;Altdorf (UR);2685500;1196100
CH;1213;Schattdorf;1633;1201;2;Altdorf (UR);2692800;1191000
CH;1214;Seedorf (UR);1929;1201;4;Altdorf (UR);2689500;1192800
CH;1216;Silenen;14478;1201;4;Altdorf (UR);2694100;1182900
CH;1218;Spiringen;6468;1201;4;Altdorf (UR);2698300;1192100
CH;1219;Unterschächen;8028;1201;4;Altdorf (UR);2701500;1191100
CH;1301;Einsiedeln;9893;91301;6;Einsiedeln;2699800;1220400
CH;1321;Feusisberg;1750;261;4;Zürich;2699200;1227100
CH;1322;Freienbach;1379;261;3;Zürich;2701400;1228700
CH;1323;Wollerau;631;261;3;Zürich;2697100;1228000
CH;1341;Altendorf;2041;1344;1;Lachen;2705500;1227700
CH;1344;Lachen;242;1344;1;Lachen;2707200;1227700
CH;1346;Schübelbach;2901;1344;1;Lachen;2712900;1225800
CH;1349;Wangen (SZ);846;1344;2;Lachen;2710400;1227700
CH;1362;Arth;4204;91362;6;Arth;2683500;1212100
CH;1372;Schwyz;5318;91372;6;Schwyz;2692400;1208500
CH;1407;Sarnen;7311;91407;6;Sarnen;2661400;1194200
CH;1507;Hergiswil (NW);1430;1061;4;Luzern;2666400;1204400
CH;1508;Oberdorf (NW);1620;91509;6;Stans;2672100;1201200
CH;1509;Stans;1108;91509;6;Stans;2670600;1201100
CH;1510;Stansstad;907;91509;6;Stans;2668500;1203300
CH;1630;Glarus Nord;14700;1630;1;Glarus;2723200;1217800
CH;1632;Glarus;10367;1630;1;Glarus;2723700;1211300
CH;1701;Baar;2485;1711;2;Zug;2682600;1227800
CH;1702;Cham;1773;1711;2;Zug;2677400;1226100
CH;1703;Hünenberg;1841;1711;2;Zug;2674900;1225200
CH;1704;Menzingen;2751;1711;4;Zug;2687300;1226000
CH;1705;Neuheim;793;1711;4;Zug;2686100;1228900
CH;1706;Oberägeri;3004;1711;3;Zug;2689200;1221100
CH;1707;Risch;1486;1711;3;Zug;2675100;1221600
CH;1708;Steinhausen;504;1711;2;Zug;2679300;1227900
CH;1709;Unterägeri;2561;1711;3;Zug;2686900;1221300
CH;1710;Walchwil;1355;1711;4;Zug;2681700;1217200
CH;1711;Zug;2162;1711;1;Zug;2681800;1224700
CH;2061;Auboranges;193;5586;4;Lausanne;2551500;1159200
CH;2066;Chapelle (Glâne);203;5586;4;Lausanne;2553700;1159800
CH;2072;Ecublens (FR);488;5586;4;Lausanne;2551800;1162200
CH;2089;Montet (Glâne);220;5586;4;Lausanne;2552200;1166100
CH;2124;Broc;1003;2125;4;Bulle;2574000;1161400
CH;2125;Bulle;2386;2125;1;Bulle;2570800;1162700
CH;2131;Echarlens;465;2125;2;Bulle;2572100;1166400
CH;2143;Morlon;264;2125;2;Bulle;2573000;1163900
CH;2145;Le Pâquier (FR);450;2125;4;Bulle;2570600;1160300
CH;2148;Riaz;775;2125;2;Bulle;2571100;1165500
CH;2160;Vuadens;1045;2125;2;Bulle;2568100;1163000
CH;2173;Autigny;622;2196;4;Fribourg;2568100;1176200
CH;2174;Avry;583;2196;4;Fribourg;2571900;1182000
CH;2175;Belfaux;888;2196;2;Fribourg;2574700;1185600
CH;2177;Chénens;394;2196;4;Fribourg;2566600;1176700
CH;2183;Corminboeuf;723;2196;2;Fribourg;2574500;1184200
CH;2186;Cottens (FR);497;2196;4;Fribourg;2568900;1177900
CH;2194;Ferpicloz;102;2196;4;Fribourg;2579300;1177400
CH;2196;Fribourg;929;2196;1;Fribourg;2577900;1183600
CH;2197;Givisiez;346;2196;2;Fribourg;2576500;1184800
CH;2198;Granges-Paccot;399;2196;2;Fribourg;2577400;1186000
CH;2200;Grolley;534;2196;4;Fribourg;2571900;1187000
CH;2206;Marly;772;2196;4;Fribourg;2578800;1180600
CH;2208;Matran;291;2196;4;Fribourg;2573900;1181500
CH;2211;Neyruz (FR);553;2196;4;Fribourg;2571500;1179700
CH;2216;Pierrafortscha;506;2196;4;Fribourg;2580700;1181800
CH;2217;Ponthaux;591;2196;4;Fribourg;2569600;1185000
CH;2220;Le Mouret;1856;2196;4;Fribourg;2580100;1177800
CH;2226;Treyvaux;1140;2196;4;Fribourg;2577000;1175100
CH;2228;Villars-sur-Glâne;548;2196;2;Fribourg;2577000;1182200
CH;2230;Villarsel-sur-Marly;139;2196;4;Fribourg;2579800;1178900
CH;2233;Hauterive (FR);1197;2196;4;Fribourg;2573800;1178900
CH;2234;La Brillaz;1030;2196;4;Fribourg;2566800;1178700
CH;2235;La Sonnaz;696;2196;4;Fribourg;2576800;1187000
CH;2236;Gibloux;3606;2196;4;Fribourg;2571500;1174500
CH;2237;Prez;1605;2196;4;Fribourg;2567700;1181700
CH;2238;Bois-d'Amont;1228;2196;4;Fribourg;2577600;1178200
CH;2250;Courgevaux;338;92275;6;Murten;2575100;1195000
CH;2271;Meyriez;34;92275;6;Murten;2574800;1197000
CH;2272;Misery-Courtion;1135;2196;4;Fribourg;2571600;1189100
CH;2274;Muntelier;111;92275;6;Murten;2576000;1198300
CH;2275;Murten;3641;92275;6;Murten;2575600;1197400
CH;2278;Ulmiz;284;351;4;Bern;2581900;1197900
CH;2295;Bösingen;1432;351;4;Bern;2584000;1193500
CH;2307;Tentlingen;361;2196;4;Fribourg;2581600;1180000
CH;2308;Ueberstorf;1611;351;4;Bern;2590300;1190400
CH;2309;Wünnewil-Flamatt;1327;351;4;Bern;2587700;1191500
CH;2407;Oensingen;1210;92407;6;Oensingen;2621100;1237800
CH;2471;Bättwil;167;T_2701;4;Basel (CH);2605400;1259900
CH;2472;Büren (SO);623;T_2701;4;Basel (CH);2617500;1255400
CH;2473;Dornach;579;T_2701;2;Basel (CH);2613300;1258800
CH;2474;Gempen;599;T_2701;4;Basel (CH);2616600;1258300
CH;2475;Hochwald;835;T_2701;4;Basel (CH);2615200;1256200
CH;2476;Hofstetten-Flüh;752;T_2701;4;Basel (CH);2605800;1258300
CH;2477;Metzerlen-Mariastein;848;T_2701;4;Basel (CH);2602000;1257300
CH;2478;Nuglar-St. Pantaleon;634;T_2701;4;Basel (CH);2619200;1257900
CH;2479;Rodersdorf;535;T_2701;4;Basel (CH);2601400;1258900
CH;2480;Seewen;1631;T_2701;4;Basel (CH);2616600;1253700
CH;2481;Witterswil;267;T_2701;4;Basel (CH);2606300;1259400
CH;2491;Hauenstein-Ifenthal;535;2581;4;Olten – Zofingen;2631500;1247100
CH;2493;Lostorf;1325;2581;4;Olten – Zofingen;2638400;1248200
CH;2495;Niedergösgen;432;92583;6;Schönenwerd;2641700;1247000
CH;2497;Obergösgen;363;2581;2;Olten – Zofingen;2638800;1246100
CH;2500;Trimbach;760;2581;2;Olten – Zofingen;2635000;1245900
CH;2501;Winznau;394;2581;2;Olten – Zofingen;2637400;1246100
CH;2502;Wisen (SO);479;2581;4;Olten – Zofingen;2633800;1249200
CH;2503;Erlinsbach (SO);887;4001;2;Aarau;2642900;1249700
CH;2513;Biberist;1225;2601;3;Solothurn;2609100;1225700
CH;2516;Deitingen;760;2601;4;Solothurn;2613800;1229300
CH;2517;Derendingen;562;2601;2;Solothurn;2611200;1227200
CH;2519;Gerlafingen;185;2601;3;Solothurn;2610100;1224400
CH;2520;Halten;185;2601;4;Solothurn;2612500;1224300
CH;2524;Hüniken;102;2601;4;Solothurn;2614900;1226000
CH;2526;Lohn-Ammannsegg;448;2601;4;Solothurn;2606500;1224300
CH;2527;Luterbach;452;2601;4;Solothurn;2611200;1229400
CH;2528;Obergerlafingen;151;2601;4;Solothurn;2611100;1223500
CH;2529;Oekingen;239;2601;4;Solothurn;2612600;1225400
CH;2532;Subingen;627;2601;2;Solothurn;2613500;1227300
CH;2534;Zuchwil;463;2601;2;Solothurn;2608300;1227900
CH;2542;Bellach;529;2601;2;Solothurn;2604000;1229000
CH;2543;Bettlach;1219;2546;2;Grenchen;2598900;1228000
CH;2544;Feldbrunnen-St. Niklaus;251;2601;2;Solothurn;2608900;1230000
CH;2546;Grenchen;2603;2546;1;Grenchen;2596700;1226900
CH;2547;Günsberg;526;2601;4;Solothurn;2610500;1234100
CH;2548;Hubersdorf;135;2601;4;Solothurn;2611400;1232900
CH;2550;Langendorf;195;2601;2;Solothurn;2605800;1230100
CH;2551;Lommiswil;576;2601;4;Solothurn;2602500;1230300
CH;2553;Oberdorf (SO);1191;2601;2;Solothurn;2604900;1231000
CH;2554;Riedholz;715;2601;4;Solothurn;2609600;1230900
CH;2555;Rüttenen;877;2601;4;Solothurn;2607000;1231100
CH;2571;Boningen;276;2581;4;Olten – Zofingen;2631600;1239800
CH;2572;Däniken;543;92583;6;Schönenwerd;2641100;1245100
CH;2573;Dulliken;604;2581;2;Olten – Zofingen;2638300;1244300
CH;2574;Eppenberg-Wöschnau;181;4001;2;Aarau;2644200;1247400
CH;2576;Gretzenbach;583;92583;6;Schönenwerd;2642200;1245300
CH;2579;Hägendorf;1394;2581;2;Olten – Zofingen;2630500;1242800
CH;2580;Kappel (SO);510;2581;2;Olten – Zofingen;2631000;1241500
CH;2581;Olten;1149;2581;1;Olten – Zofingen;2634700;1244700
CH;2582;Rickenbach (SO);276;2581;2;Olten – Zofingen;2631500;1243500
CH;2583;Schönenwerd;371;92583;6;Schönenwerd;2642800;1246900
CH;2584;Starrkirch-Wil;185;2581;2;Olten – Zofingen;2636800;1244700
CH;2586;Wangen bei Olten;696;2581;2;Olten – Zofingen;2632500;1243900
CH;2601;Solothurn;628;2601;1;Solothurn;2606900;1228800
CH;2611;Bärschwil;1119;T_2701;4;Basel (CH);2602600;1247900
CH;2613;Breitenbach;680;T_2701;4;Basel (CH);2607900;1250700
CH;2614;Büsserach;755;T_2701;4;Basel (CH);2607600;1248900
CH;2616;Fehren;148;T_2701;4;Basel (CH);2610600;1249500
CH;2618;Himmelried;603;T_2701;4;Basel (CH);2612000;1252300
CH;2619;Kleinlützel;1632;T_2701;4;Basel (CH);2598400;1252800
CH;2620;Meltingen;576;T_2701;4;Basel (CH);2611400;1248600
CH;2621;Nunningen;1031;T_2701;4;Basel (CH);2613600;1249200
CH;2622;Zullwil;366;T_2701;4;Basel (CH);2612200;1248900
CH;2701;Basel;2385;T_2701;1;Basel (CH);2611300;1267600
CH;2702;Bettingen;223;T_2701;2;Basel (CH);2617100;1268900
CH;2703;Riehen;1087;T_2701;2;Basel (CH);2615300;1269500
CH;2761;Aesch (BL);740;T_2701;2;Basel (CH);2611900;1257500
CH;2762;Allschwil;889;T_2701;2;Basel (CH);2607300;1266700
CH;2763;Arlesheim;693;T_2701;2;Basel (CH);2613700;1260400
CH;2764;Biel-Benken;412;T_2701;4;Basel (CH);2606700;1261800
CH;2765;Binningen;446;T_2701;2;Basel (CH);2610000;1265200
CH;2766;Birsfelden;251;T_2701;2;Basel (CH);2613900;1266900
CH;2767;Bottmingen;299;T_2701;2;Basel (CH);2610100;1263600
CH;2768;Ettingen;632;T_2701;4;Basel (CH);2608000;1258900
CH;2769;Münchenstein;719;T_2701;2;Basel (CH);2613400;1262500
CH;2770;Muttenz;1665;T_2701;2;Basel (CH);2615100;1264300
CH;2771;Oberwil (BL);789;T_2701;2;Basel (CH);2608900;1262600
CH;2772;Pfeffingen;489;T_2701;2;Basel (CH);2611300;1256500
CH;2773;Reinach (BL);697;T_2701;2;Basel (CH);2611400;1260300
CH;2774;Schönenbuch;135;T_2701;4;Basel (CH);2604700;1265200
CH;2775;Therwil;766;T_2701;2;Basel (CH);2608700;1260900
CH;2781;Blauen;712;T_2701;4;Basel (CH);2606100;1255500
CH;2782;Brislach;942;T_2701;4;Basel (CH);2607900;1251900
CH;2783;Burg im Leimental;284;T_2701;4;Basel (CH);2600200;1256300
CH;2784;Dittingen;675;T_2701;4;Basel (CH);2604500;1254400
CH;2785;Duggingen;586;T_2701;4;Basel (CH);2612500;1255800
CH;2786;Grellingen;329;T_2701;4;Basel (CH);2611300;1254600
CH;2787;Laufen;1140;T_2701;4;Basel (CH);2604700;1252200
CH;2789;Nenzlingen;366;T_2701;4;Basel (CH);2609300;1255300
CH;2791;Röschenz;1007;T_2701;4;Basel (CH);2602800;1252600
CH;2792;Wahlen;541;T_2701;4;Basel (CH);2605800;1250000
CH;2793;Zwingen;461;T_2701;4;Basel (CH);2606900;1253900
CH;2821;Arisdorf;1000;T_2701;4;Basel (CH);2624600;1262300
CH;2822;Augst;165;T_2701;3;Basel (CH);2621000;1265000
CH;2823;Bubendorf;1080;T_2701;4;Basel (CH);2622500;1255300
CH;2824;Frenkendorf;459;T_2701;3;Basel (CH);2620900;1261400
CH;2825;Füllinsdorf;462;T_2701;3;Basel (CH);2621900;1261700
CH;2826;Giebenach;134;T_2701;4;Basel (CH);2623100;1263600
CH;2827;Hersberg;166;T_2701;4;Basel (CH);2626000;1260200
CH;2828;Lausen;557;T_2701;3;Basel (CH);2624200;1258000
CH;2829;Liestal;1818;T_2701;3;Basel (CH);2622300;1259400
CH;2830;Lupsingen;311;T_2701;4;Basel (CH);2619300;1255100
CH;2831;Pratteln;1071;T_2701;3;Basel (CH);2619300;1263400
CH;2832;Ramlinsburg;225;T_2701;4;Basel (CH);2624500;1255400
CH;2833;Seltisberg;356;T_2701;4;Basel (CH);2621000;1256600
CH;2834;Ziefen;782;T_2701;4;Basel (CH);2620300;1253400
CH;2842;Böckten;228;T_2701;4;Basel (CH);2629900;1257000
CH;2843;Buckten;200;T_2701;4;Basel (CH);2630700;1251100
CH;2844;Buus;885;T_2701;4;Basel (CH);2632100;1261700
CH;2845;Diepflingen;144;T_2701;4;Basel (CH);2630100;1255100
CH;2846;Gelterkinden;978;T_2701;4;Basel (CH);2631400;1257100
CH;2848;Hemmiken;339;T_2701;4;Basel (CH);2634200;1259800
CH;2849;Itingen;313;T_2701;3;Basel (CH);2626100;1257400
CH;2850;Känerkinden;148;T_2701;4;Basel (CH);2630000;1251300
CH;2853;Maisprach;508;T_2701;4;Basel (CH);2630700;1263800
CH;2854;Nusshof;172;T_2701;4;Basel (CH);2627600;1260100
CH;2856;Ormalingen;693;T_2701;4;Basel (CH);2633000;1257700
CH;2857;Rickenbach (BL);290;T_2701;4;Basel (CH);2631100;1259400
CH;2859;Rümlingen;228;T_2701;4;Basel (CH);2630900;1252600
CH;2860;Rünenberg;497;T_2701;4;Basel (CH);2633600;1253600
CH;2861;Sissach;890;T_2701;4;Basel (CH);2628100;1256900
CH;2862;Tecknau;234;T_2701;4;Basel (CH);2633500;1255600
CH;2863;Tenniken;467;T_2701;4;Basel (CH);2628200;1254000
CH;2864;Thürnen;226;T_2701;4;Basel (CH);2629500;1256100
CH;2865;Wenslingen;592;T_2701;4;Basel (CH);2635600;1254400
CH;2866;Wintersingen;695;T_2701;4;Basel (CH);2629100;1260400
CH;2867;Wittinsburg;320;T_2701;4;Basel (CH);2630400;1252900
CH;2869;Zunzgen;686;T_2701;4;Basel (CH);2627800;1255400
CH;2881;Arboldswil;347;T_2701;4;Basel (CH);2621000;1251800
CH;2882;Bennwil;653;T_2701;4;Basel (CH);2625800;1250300
CH;2883;Bretzwil;733;T_2701;4;Basel (CH);2616100;1249700
CH;2884;Diegten;964;T_2701;4;Basel (CH);2628100;1251500
CH;2886;Hölstein;603;T_2701;4;Basel (CH);2625000;1252700
CH;2887;Lampenberg;401;T_2701;4;Basel (CH);2624200;1252800
CH;2889;Lauwil;730;T_2701;4;Basel (CH);2617900;1248800
CH;2891;Niederdorf;441;T_2701;4;Basel (CH);2623600;1250700
CH;2892;Oberdorf (BL);621;T_2701;4;Basel (CH);2623500;1249200
CH;2893;Reigoldswil;925;T_2701;4;Basel (CH);2619100;1249600
CH;2894;Titterten;371;T_2701;4;Basel (CH);2621000;1250200
CH;2903;Löhningen;683;T_2939;4;Schaffhausen (CH);2683700;1284000
CH;2914;Büttenhardt;400;T_2939;4;Schaffhausen (CH);2691100;1290300
CH;2915;Dörflingen;582;T_2939;4;Schaffhausen (CH);2696100;1284800
CH;2917;Lohn (SH);487;T_2939;4;Schaffhausen (CH);2692400;1290200
CH;2919;Stetten (SH);472;T_2939;4;Schaffhausen (CH);2691800;1288400
CH;2920;Thayngen;1992;T_2939;4;Schaffhausen (CH);2695100;1289300
CH;2931;Bargen (SH);827;T_2939;4;Schaffhausen (CH);2687900;1294100
CH;2932;Beringen;1868;T_2939;4;Schaffhausen (CH);2685300;1283700
CH;2933;Buchberg;586;261;4;Zürich;2684500;1269700
CH;2936;Merishausen;1756;T_2939;4;Schaffhausen (CH);2687700;1290700
CH;2937;Neuhausen am Rheinfall;800;T_2939;2;Schaffhausen (CH);2688500;1281900
CH;2938;Rüdlingen;551;261;4;Zürich;2684600;1270700
CH;2939;Schaffhausen;4185;T_2939;1;Schaffhausen (CH);2689600;1283800
CH;2953;Siblingen;942;T_2939;4;Schaffhausen (CH);2681200;1285400
CH;3001;Herisau;2520;3203;3;St. Gallen;2738700;1250300
CH;3002;Hundwil;2408;3203;4;St. Gallen;2742000;1247700
CH;3003;Schönengrund;519;3203;4;St. Gallen;2735200;1243200
CH;3004;Schwellbrunn;1742;3203;4;St. Gallen;2736800;1246100
CH;3005;Stein (AR);936;3203;4;St. Gallen;2743900;1248700
CH;3007;Waldstatt;675;3203;4;St. Gallen;2739500;1246700
CH;3023;Speicher;818;3203;4;St. Gallen;2751200;1253100
CH;3024;Teufen (AR);1525;3203;4;St. Gallen;2747100;1250700
CH;3025;Trogen;1003;3203;4;St. Gallen;2752900;1252800
CH;3034;Rehetobel;672;3203;4;St. Gallen;2754200;1254800
CH;3201;Häggenschwil;907;3203;4;St. Gallen;2743400;1262100
CH;3202;Muolen;1033;3203;4;St. Gallen;2742000;1265100
CH;3203;St. Gallen;3938;3203;1;St. Gallen;2746200;1254600
CH;3204;Wittenbach;1220;3203;2;St. Gallen;2746300;1258700
CH;3211;Berg (SG);376;3203;4;St. Gallen;2748300;1261300
CH;3212;Eggersriet;890;3203;4;St. Gallen;2753400;1256600
CH;3213;Goldach;471;4401;2;Arbon – Rorschach;2752800;1260000
CH;3214;Mörschwil;984;3203;4;St. Gallen;2749600;1259500
CH;3215;Rorschach;178;4401;1;Arbon – Rorschach;2754800;1260700
CH;3216;Rorschacherberg;709;4401;2;Arbon – Rorschach;2756100;1259500
CH;3217;Steinach;449;4401;2;Arbon – Rorschach;2750800;1263300
CH;3218;Tübach;199;4401;2;Arbon – Rorschach;2751700;1261400
CH;3219;Untereggen;713;3203;4;St. Gallen;2751800;1257900
CH;3231;Au (SG);465;T_3251;2;Rheintal (CH);2765800;1256100
CH;3232;Balgach;652;T_3251;2;Rheintal (CH);2763800;1253000
CH;3233;Berneck;562;T_3251;2;Rheintal (CH);2764000;1255000
CH;3234;Diepoldsau;1125;T_3251;2;Rheintal (CH);2767400;1250600
CH;3236;St. Margrethen;687;T_3251;2;Rheintal (CH);2765500;1258100
CH;3237;Thal;966;4401;2;Arbon – Rorschach;2760700;1259300
CH;3238;Widnau;422;T_3251;2;Rheintal (CH);2765700;1252900
CH;3251;Altstätten;3946;T_3251;1;Rheintal (CH);2758700;1249600
CH;3252;Eichberg;544;T_3251;4;Rheintal (CH);2757500;1245900
CH;3253;Marbach (SG);438;T_3251;2;Rheintal (CH);2760800;1251200
CH;3255;Rebstein;439;T_3251;2;Rheintal (CH);2761900;1252100
CH;3271;Buchs (SG);1595;T_3271;1;Buchs (SG) (CH);2754100;1225800
CH;3272;Gams;2227;T_3271;4;Buchs (SG) (CH);2751800;1230100
CH;3273;Grabs;5465;T_3271;2;Buchs (SG) (CH);2751900;1227700
CH;3275;Sevelen;3033;T_3271;4;Buchs (SG) (CH);2755200;1221000
CH;3293;Mels;13911;93293;6;Mels – Sargans;2750500;1212500
CH;3296;Sargans;946;93293;6;Mels – Sargans;2752100;1212700
CH;3297;Vilters-Wangs;3272;93293;6;Mels – Sargans;2753000;1210100
CH;3338;Schmerikon;414;93339;6;Uznach;2714000;1231600
CH;3339;Uznach;754;93339;6;Uznach;2717100;1231500
CH;3340;Rapperswil-Jona;2225;3336;1;Rapperswil-Jona – Rüti;2705900;1232200
CH;3374;Lichtensteig;282;93379;6;Wattwil;2724600;1242800
CH;3379;Wattwil;5117;93379;6;Wattwil;2724800;1240500
CH;3402;Flawil;1147;93402;6;Flawil;2731900;1252800
CH;3405;Jonschwil;1099;3425;4;Wil (SG);2724400;1253900
CH;3407;Oberuzwil;1408;3425;2;Wil (SG);2727100;1254700
CH;3408;Uzwil;1449;3425;1;Wil (SG);2728500;1256300
CH;3424;Oberbüren;1773;3425;2;Wil (SG);2729900;1257000
CH;3427;Wil (SG);2082;3425;1;Wil (SG);2721000;1258000
CH;3441;Andwil (SG);631;3203;4;St. Gallen;2738500;1255500
CH;3442;Gaiserwald;1263;3203;2;St. Gallen;2743200;1254400
CH;3443;Gossau (SG);2751;3203;2;St. Gallen;2736500;1253200
CH;3444;Waldkirch;3134;3203;4;St. Gallen;2739200;1259200
CH;3721;Bonaduz;1440;3901;4;Chur;2749600;1186400
CH;3722;Domat/Ems;2422;3901;4;Chur;2753500;1189100
CH;3723;Rhäzüns;1337;3901;4;Chur;2749500;1184900
CH;3731;Felsberg;1340;3901;4;Chur;2755500;1190400
CH;3733;Tamins;4074;3901;4;Chur;2750200;1188500
CH;3787;St. Moritz;2869;93787;6;St. Moritz;2784200;1152400
CH;3804;Buseno;1115;5002;4;Bellinzona;2728600;1125900
CH;3810;Santa Maria in Calanca;931;5002;4;Bellinzona;2731500;1125000
CH;3835;San Vittore;2206;5002;4;Bellinzona;2728800;1122100
CH;3851;Davos;28400;93851;6;Davos;2782200;1185700
CH;3901;Chur;5424;3901;1;Chur;2759300;1191000
CH;3932;Tschiertschen-Praden;2774;3901;4;Chur;2765500;1187400
CH;3945;Trimmis;4287;3901;4;Chur;2762000;1196300
CH;3946;Untervaz;2772;3901;4;Chur;2759600;1199600
CH;3947;Zizers;1101;93955;6;Landquart;2761800;1200400
CH;3955;Landquart;1886;93955;6;Landquart;2761300;1203600
CH;4001;Aarau;1234;4001;1;Aarau;2645800;1249000
CH;4002;Biberstein;410;4001;4;Aarau;2648500;1251600
CH;4003;Buchs (AG);532;4001;2;Aarau;2647600;1248700
CH;4005;Erlinsbach (AG);986;4001;2;Aarau;2643200;1250100
CH;4006;Gränichen;1723;4001;2;Aarau;2650000;1245400
CH;4008;Küttigen;1190;4001;2;Aarau;2646000;1251800
CH;4009;Muhen;703;4001;4;Aarau;2646500;1243400
CH;4010;Oberentfelden;716;4001;3;Aarau;2645900;1245200
CH;4012;Suhr;1062;4001;2;Aarau;2648400;1246900
CH;4013;Unterentfelden;288;4001;3;Aarau;2645700;1246400
CH;4021;Baden;1317;4021;1;Baden – Brugg;2665400;1258400
CH;4022;Bellikon;494;261;4;Zürich;2668400;1249100
CH;4023;Bergdietikon;594;261;2;Zürich;2671600;1249000
CH;4026;Ennetbaden;211;4021;2;Baden – Brugg;2666100;1259100
CH;4027;Fislisbach;505;4021;3;Baden – Brugg;2664400;1254300
CH;4029;Gebenstorf;565;4021;2;Baden – Brugg;2660600;1259100
CH;4030;Killwangen;243;261;3;Zürich;2669000;1253900
CH;4031;Künten;489;261;4;Zürich;2667300;1249100
CH;4034;Neuenhof;538;4021;2;Baden – Brugg;2667200;1255400
CH;4037;Oberrohrdorf;430;4021;4;Baden – Brugg;2666300;1252400
CH;4038;Obersiggenthal;836;4021;2;Baden – Brugg;2664600;1260000
CH;4040;Spreitenbach;860;261;3;Zürich;2669900;1252300
CH;4042;Turgi;155;4021;2;Baden – Brugg;2661200;1260500
CH;4044;Untersiggenthal;828;4021;2;Baden – Brugg;2661500;1261600
CH;4045;Wettingen;1060;4021;2;Baden – Brugg;2666300;1257800
CH;4048;Würenlos;903;261;3;Zürich;2669800;1255100
CH;4061;Arni (AG);337;261;4;Zürich;2674200;1241300
CH;4062;Berikon;538;261;3;Zürich;2670800;1244800
CH;4063;Bremgarten (AG);1136;261;3;Zürich;2668400;1244800
CH;4066;Eggenwil;246;261;4;Zürich;2668100;1247000
CH;4067;Fischbach-Göslikon;307;261;4;Zürich;2665900;1246900
CH;4071;Jonen;570;261;4;Zürich;2672200;1238800
CH;4073;Oberlunkhofen;325;261;4;Zürich;2672100;1240500
CH;4074;Oberwil-Lieli;535;261;4;Zürich;2671600;1243200
CH;4075;Rudolfstetten-Friedlisberg;490;261;3;Zürich;2671100;1246800
CH;4079;Unterlunkhofen;449;261;4;Zürich;2671300;1241600
CH;4080;Villmergen;1194;4082;2;Wohlen (AG);2660900;1244400
CH;4081;Widen;262;261;3;Zürich;2669800;1246800
CH;4082;Wohlen (AG);1248;4082;1;Wohlen (AG);2663400;1244700
CH;4083;Zufikon;481;261;3;Zürich;2669600;1244200
CH;4084;Islisberg;166;261;4;Zürich;2675700;1241800
CH;4095;Brugg;825;4021;1;Baden – Brugg;2657900;1259400
CH;4100;Hausen (AG);320;4021;2;Baden – Brugg;2658300;1257100
CH;4110;Remigen;787;4021;4;Baden – Brugg;2656500;1263100
CH;4111;Riniken;476;4021;4;Baden – Brugg;2656500;1260600
CH;4123;Windisch;491;4021;2;Baden – Brugg;2658400;1259000
CH;4131;Beinwil am See;382;94141;6;Reinach (AG);2657800;1235300
CH;4139;Menziken;732;94141;6;Reinach (AG);2656700;1232700
CH;4141;Reinach (AG);947;94141;6;Reinach (AG);2656300;1233900
CH;4172;Münchwilen (AG);246;T_4260;2;Stein (AG) (CH);2639400;1265400
CH;4199;Holderbank (AG);233;4201;2;Lenzburg;2655100;1253100
CH;4201;Lenzburg;1131;4201;1;Lenzburg;2655500;1249000
CH;4203;Möriken-Wildegg;661;4201;2;Lenzburg;2656100;1251900
CH;4204;Niederlenz;331;4201;2;Lenzburg;2655700;1250300
CH;4210;Staufen;358;4201;2;Lenzburg;2654900;1248200
CH;4226;Besenbüren;238;261;4;Zürich;2668500;1240600
CH;4237;Oberrüti;538;1711;4;Zug;2672500;1224300
CH;4238;Rottenschwil;449;261;4;Zürich;2669900;1240800
CH;4251;Hellikon;704;T_2701;4;Basel (CH);2636600;1262200
CH;4252;Kaiseraugst;490;T_2701;3;Basel (CH);2621500;1265600
CH;4253;Magden;1102;T_2701;4;Basel (CH);2628200;1264100
CH;4254;Möhlin;1880;T_2701;4;Basel (CH);2630600;1267500
CH;4255;Mumpf;314;T_2701;4;Basel (CH);2636300;1266200
CH;4256;Obermumpf;502;T_2701;4;Basel (CH);2637600;1264400
CH;4257;Olsberg;461;T_2701;4;Basel (CH);2626000;1263500
CH;4258;Rheinfelden;1602;T_2701;3;Basel (CH);2626900;1267000
CH;4260;Stein (AG);283;T_4260;1;Stein (AG) (CH);2638400;1266000
CH;4261;Wallbach;455;T_4260;2;Stein (AG) (CH);2635000;1267700
CH;4262;Wegenstetten;712;T_2701;4;Basel (CH);2637300;1260900
CH;4263;Zeiningen;1137;T_2701;4;Basel (CH);2632500;1265700
CH;4264;Zuzgen;839;T_2701;4;Basel (CH);2634800;1263800
CH;4271;Aarburg;441;2581;2;Olten – Zofingen;2634900;1241100
CH;4274;Brittnau;1367;2581;2;Olten – Zofingen;2638500;1234300
CH;4280;Oftringen;1285;2581;2;Olten – Zofingen;2636500;1240700
CH;4285;Strengelbach;603;2581;2;Olten – Zofingen;2637100;1236500
CH;4287;Vordemwald;1014;2581;4;Olten – Zofingen;2634800;1236000
CH;4289;Zofingen;1108;2581;2;Olten – Zofingen;2638300;1237700
CH;4303;Böttstein;743;94304;6;Döttingen-Böttstein;2660900;1269100
CH;4304;Döttingen;693;94304;6;Döttingen-Böttstein;2661700;1269100
CH;4306;Fisibach;577;261;4;Zürich;2672900;1268400
CH;4309;Klingnau;671;94304;6;Döttingen-Böttstein;2661400;1270100
CH;4318;Schneisingen;826;261;4;Zürich;2669700;1263500
CH;4319;Siglistorf;551;261;4;Zürich;2670900;1266500
CH;4401;Arbon;601;4401;1;Arbon – Rorschach;2750000;1264300
CH;4421;Horn;172;4401;2;Arbon – Rorschach;2752500;1262400
CH;4431;Roggwil (TG);1203;3203;4;St. Gallen;2747400;1262800
CH;4436;Romanshorn;873;4436;1;Amriswil – Romanshorn;2745900;1270100
CH;4441;Salmsach;271;4436;2;Amriswil – Romanshorn;2745400;1269000
CH;4461;Amriswil;1902;4436;1;Amriswil – Romanshorn;2740000;1267700
CH;4566;Frauenfeld;2736;4566;1;Frauenfeld;2709600;1268400
CH;4643;Bottighofen;241;T_4671;2;Kreuzlingen (CH);2732800;1278000
CH;4671;Kreuzlingen;1150;T_4671;1;Kreuzlingen (CH);2730100;1278800
CH;4724;Eschlikon;622;3425;2;Wil (SG);2715500;1258300
CH;4746;Münchwilen (TG);781;3425;2;Wil (SG);2717500;1259800
CH;4751;Rickenbach (TG);158;3425;2;Wil (SG);2721600;1256600
CH;4761;Sirnach;1238;3425;1;Wil (SG);2718800;1256600
CH;4786;Wilen (TG);225;3425;2;Wil (SG);2720300;1256900
CH;4946;Weinfelden;1548;94946;6;Weinfelden;2725700;1269800
CH;5001;Arbedo-Castione;2139;5002;2;Bellinzona;2723900;1119200
CH;5002;Bellinzona;16420;5002;1;Bellinzona;2722400;1116800
CH;5010;Lumino;1010;5002;4;Bellinzona;2725500;1121200
CH;5017;Sant'Antonino;655;5002;4;Bellinzona;2719000;1112500
CH;5091;Ascona;495;T_5113;2;Locarno (CH);2702900;1112400
CH;5096;Brione sopra Minusio;382;T_5113;2;Locarno (CH);2706300;1115600
CH;5108;Gordola;695;T_5113;4;Locarno (CH);2710000;1115500
CH;5113;Locarno;1869;T_5113;1;Locarno (CH);2704700;1113800
CH;5115;Losone;926;T_5113;2;Locarno (CH);2702200;1113500
CH;5117;Mergoscia;1216;T_5113;4;Locarno (CH);2708700;1118500
CH;5118;Minusio;586;T_5113;2;Locarno (CH);2706300;1115000
CH;5120;Muralto;59;T_5113;2;Locarno (CH);2705600;1114500
CH;5121;Orselina;194;T_5113;2;Locarno (CH);2705200;1115200
CH;5125;Ronco sopra Ascona;500;T_5113;4;Locarno (CH);2699500;1111100
CH;5131;Tenero-Contra;369;T_5113;4;Locarno (CH);2708800;1115300
CH;5141;Agno;249;T_5192;2;Lugano (CH);2713100;1095000
CH;5143;Aranno;259;T_5192;4;Lugano (CH);2710900;1097200
CH;5144;Arogno;849;T_5192;4;Lugano (CH);2720100;1091000
CH;5146;Astano;380;T_5192;4;Lugano (CH);2706700;1096600
CH;5148;Bedano;187;T_5192;2;Lugano (CH);2714500;1101000
CH;5149;Bedigliora;254;T_5192;4;Lugano (CH);2708700;1095500
CH;5151;Bioggio;640;T_5192;2;Lugano (CH);2713800;1096800
CH;5154;Bissone;185;T_5192;4;Lugano (CH);2718400;1090200
CH;5160;Brusino Arsizio;412;T_5250;4;Chiasso – Mendrisio (CH);2716400;1087400
CH;5161;Cademario;396;T_5192;4;Lugano (CH);2712700;1097700
CH;5162;Cadempino;76;T_5192;2;Lugano (CH);2715900;1099100
CH;5167;Canobbio;128;T_5192;2;Lugano (CH);2718300;1099300
CH;5171;Caslano;279;T_5192;2;Lugano (CH);2711800;1092300
CH;5176;Comano;206;T_5192;2;Lugano (CH);2717400;1099400
CH;5180;Cureglia;106;T_5192;2;Lugano (CH);2716600;1099500
CH;5181;Curio;275;T_5192;4;Lugano (CH);2710400;1095500
CH;5186;Grancia;61;T_5192;2;Lugano (CH);2715500;1091800
CH;5187;Gravesano;71;T_5192;2;Lugano (CH);2714400;1100000
CH;5189;Lamone;186;T_5192;2;Lugano (CH);2715700;1100400
CH;5192;Lugano;7585;T_5192;1;Lugano (CH);2717100;1095900
CH;5193;Magliaso;110;T_5192;2;Lugano (CH);2712400;1093500
CH;5194;Manno;237;T_5192;2;Lugano (CH);2714600;1099200
CH;5196;Massagno;74;T_5192;2;Lugano (CH);2716400;1096900
CH;5198;Melide;166;T_5192;4;Lugano (CH);2716900;1090300
CH;5199;Mezzovico-Vira;1113;T_5192;4;Lugano (CH);2714400;1105400
CH;5200;Miglieglia;510;T_5192;4;Lugano (CH);2709900;1098000
CH;5203;Morcote;279;T_5192;4;Lugano (CH);2714000;1087300
CH;5205;Muzzano;155;T_5192;2;Lugano (CH);2715000;1095100
CH;5206;Neggio;89;T_5192;2;Lugano (CH);2711600;1093900
CH;5207;Novaggio;437;T_5192;4;Lugano (CH);2709700;1096400
CH;5208;Origlio;208;T_5192;4;Lugano (CH);2716500;1101400
CH;5210;Paradiso;89;T_5192;2;Lugano (CH);2716700;1094400
CH;5212;Ponte Capriasca;617;T_5192;4;Lugano (CH);2717000;1102300
CH;5214;Porza;156;T_5192;2;Lugano (CH);2717300;1098500
CH;5216;Pura;304;T_5192;2;Lugano (CH);2710900;1093600
CH;5221;Savosa;74;T_5192;2;Lugano (CH);2717000;1097800
CH;5225;Sorengo;85;T_5192;2;Lugano (CH);2715900;1095000
CH;5226;Capriasca;3638;T_5192;4;Lugano (CH);2718200;1102900
CH;5227;Torricella-Taverne;525;T_5192;2;Lugano (CH);2715500;1102600
CH;5230;Vernate;151;T_5192;2;Lugano (CH);2712100;1094700
CH;5231;Vezia;139;T_5192;2;Lugano (CH);2716100;1097900
CH;5233;Vico Morcote;197;T_5192;4;Lugano (CH);2715000;1087600
CH;5236;Collina d'Oro;614;T_5192;2;Lugano (CH);2714600;1093400
CH;5237;Alto Malcantone;2206;T_5192;4;Lugano (CH);2713200;1100700
CH;5238;Monteceneri;3608;T_5192;4;Lugano (CH);2714600;1108500
CH;5239;Tresa;1104;T_5192;4;Lugano (CH);2706000;1094400
CH;5240;Val Mara;1115;T_5192;4;Lugano (CH);2720100;1086500
CH;5242;Balerna;253;T_5250;2;Chiasso – Mendrisio (CH);2721800;1078700
CH;5249;Castel San Pietro;1184;T_5250;2;Chiasso – Mendrisio (CH);2721900;1080200
CH;5250;Chiasso;535;T_5250;2;Chiasso – Mendrisio (CH);2723400;1077200
CH;5251;Coldrerio;246;T_5250;2;Chiasso – Mendrisio (CH);2720300;1079200
CH;5254;Mendrisio;3177;T_5250;1;Chiasso – Mendrisio (CH);2720000;1081000
CH;5257;Morbio Inferiore;226;T_5250;2;Chiasso – Mendrisio (CH);2722600;1079200
CH;5260;Novazzano;523;T_5250;2;Chiasso – Mendrisio (CH);2719900;1077800
CH;5263;Riva San Vitale;605;T_5250;2;Chiasso – Mendrisio (CH);2718800;1085000
CH;5266;Stabio;615;T_5250;4;Chiasso – Mendrisio (CH);2716500;1078800
CH;5268;Vacallo;163;T_5250;2;Chiasso – Mendrisio (CH);2724000;1078600
CH;5269;Breggia;2548;T_5250;4;Chiasso – Mendrisio (CH);2722900;1080100
CH;5317;Maggia;11116;T_5113;4;Locarno (CH);2697900;1122500
CH;5324;Avegno Gordevio;2733;T_5113;4;Locarno (CH);2700700;1120400
CH;5396;Terre di Pedemonte;1159;T_5113;4;Locarno (CH);2699800;1115800
CH;5397;Centovalli;5339;T_5113;4;Locarno (CH);2697400;1114800
CH;5401;Aigle;1641;95401;6;Aigle;2563600;1129700
CH;5414;Villeneuve (VD);3198;5890;4;Vevey – Montreux;2560600;1138600
CH;5423;Ballens;845;5586;4;Lausanne;2518400;1156500
CH;5429;Longirod;945;T_6621;4;Genève (CH);2509400;1149900
CH;5430;Marchissy;1198;T_6621;4;Genève (CH);2508500;1149200
CH;5431;Mollens (VD);1099;5586;4;Lausanne;2517100;1159000
CH;5434;Saint-George;1232;T_6621;4;Genève (CH);2509600;1152100
CH;5471;Bettens;374;5586;4;Lausanne;2534000;1164400
CH;5472;Bournens;391;5586;4;Lausanne;2532900;1161800
CH;5473;Boussens;316;5586;4;Lausanne;2534400;1161700
CH;5474;La Chaux (Cossonay);674;5586;4;Lausanne;2526000;1163400
CH;5475;Chavannes-le-Veyron;264;5586;4;Lausanne;2524300;1162100
CH;5476;Chevilly;389;5586;4;Lausanne;2526300;1166200
CH;5477;Cossonay;828;5586;4;Lausanne;2528700;1162900
CH;5479;Cuarnens;713;5586;4;Lausanne;2523400;1164300
CH;5480;Daillens;552;5586;4;Lausanne;2531800;1163600
CH;5481;Dizy;304;5586;4;Lausanne;2527800;1165300
CH;5482;Eclépens;580;5586;4;Lausanne;2530100;1167200
CH;5483;Ferreyres;316;5586;4;Lausanne;2527000;1167900
CH;5484;Gollion;545;5586;4;Lausanne;2528700;1159800
CH;5485;Grancy;567;5586;4;Lausanne;2525400;1160600
CH;5486;L'Isle;1622;5586;4;Lausanne;2521300;1163000
CH;5487;Lussery-Villars;374;5586;4;Lausanne;2530100;1164800
CH;5488;Mauraz;50;5586;4;Lausanne;2522300;1162000
CH;5489;Mex (VD);283;5586;4;Lausanne;2532000;1158900
CH;5492;Montricher;2602;5586;4;Lausanne;2518700;1161500
CH;5493;Orny;555;5586;4;Lausanne;2530200;1168900
CH;5495;Penthalaz;387;5586;4;Lausanne;2530200;1162900
CH;5496;Penthaz;384;5586;4;Lausanne;2531000;1161400
CH;5498;La Sarraz;770;5586;4;Lausanne;2529100;1167800
CH;5499;Senarclens;397;5586;4;Lausanne;2527200;1161500
CH;5501;Sullens;391;5586;4;Lausanne;2533100;1160600
CH;5503;Vufflens-la-Ville;538;5586;4;Lausanne;2531100;1158900
CH;5511;Assens;846;5586;4;Lausanne;2537500;1162700
CH;5512;Bercher;427;5586;4;Lausanne;2544300;1171400
CH;5514;Bottens;688;5586;4;Lausanne;2540300;1163300
CH;5515;Bretigny-sur-Morrens;287;5586;4;Lausanne;2538900;1161100
CH;5516;Cugy (VD);291;5586;4;Lausanne;2538800;1159400
CH;5518;Echallens;666;5586;4;Lausanne;2538400;1165800
CH;5521;Etagnières;378;5586;4;Lausanne;2536700;1161300
CH;5522;Fey;734;5586;4;Lausanne;2542200;1169600
CH;5523;Froideville;708;5586;4;Lausanne;2542100;1161300
CH;5527;Morrens (VD);367;5586;4;Lausanne;2537800;1160300
CH;5529;Oulens-sous-Echallens;587;5586;4;Lausanne;2534000;1166000
CH;5531;Penthéréaz;568;5586;4;Lausanne;2536100;1170400
CH;5533;Poliez-Pittet;501;5586;4;Lausanne;2542000;1164300
CH;5534;Rueyres;200;5586;4;Lausanne;2542800;1171700
CH;5535;Saint-Barthélemy (VD);412;5586;4;Lausanne;2535800;1165200
CH;5537;Villars-le-Terroir;709;5586;4;Lausanne;2538800;1167600
CH;5539;Vuarrens;897;5586;4;Lausanne;2539500;1170800
CH;5540;Montilliez;1186;5586;4;Lausanne;2540700;1165400
CH;5541;Goumoëns;1069;5586;4;Lausanne;2536100;1167800
CH;5561;Grandson;785;5938;4;Yverdon-les-Bains;2539400;1184400
CH;5581;Belmont-sur-Lausanne;265;5586;2;Lausanne;2541700;1152400
CH;5582;Cheseaux-sur-Lausanne;459;5586;4;Lausanne;2536100;1159600
CH;5583;Crissier;550;5586;2;Lausanne;2534000;1156300
CH;5584;Epalinges;457;5586;2;Lausanne;2541400;1155700
CH;5585;Jouxtens-Mézery;193;5586;2;Lausanne;2535600;1156000
CH;5586;Lausanne;4137;5586;1;Lausanne;2538200;1152400
CH;5587;Le Mont-sur-Lausanne;980;5586;2;Lausanne;2538400;1156800
CH;5588;Paudex;48;5586;2;Lausanne;2541000;1150800
CH;5589;Prilly;220;5586;2;Lausanne;2536100;1154100
CH;5590;Pully;586;5586;2;Lausanne;2540200;1151300
CH;5591;Renens (VD);295;5586;2;Lausanne;2534100;1154400
CH;5592;Romanel-sur-Lausanne;288;5586;2;Lausanne;2536000;1157300
CH;5601;Chexbres;215;5586;4;Lausanne;2549200;1148100
CH;5604;Forel (Lavaux);1851;5586;4;Lausanne;2548700;1154600
CH;5606;Lutry;846;5586;2;Lausanne;2542300;1150500
CH;5607;Puidoux;2286;5586;4;Lausanne;2549700;1150200
CH;5609;Rivaz;32;5586;4;Lausanne;2549300;1147400
CH;5610;Saint-Saphorin (Lavaux);89;5586;4;Lausanne;2550600;1147100
CH;5611;Savigny;1601;5586;4;Lausanne;2545800;1154400
CH;5613;Bourg-en-Lavaux;964;5586;4;Lausanne;2544500;1149500
CH;5621;Aclens;390;5586;4;Lausanne;2528800;1157800
CH;5622;Bremblens;291;5586;4;Lausanne;2529400;1155400
CH;5624;Bussigny;481;5586;2;Lausanne;2532000;1155800
CH;5627;Chavannes-près-Renens;165;5586;2;Lausanne;2533500;1153300
CH;5628;Chigny;89;5586;2;Lausanne;2526200;1152500
CH;5629;Clarmont;102;5586;4;Lausanne;2524200;1155600
CH;5631;Denens;330;5586;4;Lausanne;2524700;1152400
CH;5632;Denges;166;5586;2;Lausanne;2531100;1153000
CH;5633;Echandens;388;5586;2;Lausanne;2531100;1154000
CH;5634;Echichens;1327;5586;4;Lausanne;2527900;1153200
CH;5635;Ecublens (VD);572;5586;2;Lausanne;2533000;1153500
CH;5638;Lonay;372;5586;2;Lausanne;2529600;1153300
CH;5639;Lully (VD);205;5586;4;Lausanne;2525300;1150900
CH;5640;Lussy-sur-Morges;234;5586;4;Lausanne;2524100;1150800
CH;5642;Morges;384;5586;2;Lausanne;2528100;1152000
CH;5643;Préverenges;187;5586;2;Lausanne;2530100;1152200
CH;5645;Romanel-sur-Morges;176;5586;4;Lausanne;2528800;1156500
CH;5646;Saint-Prex;553;5586;4;Lausanne;2524600;1148300
CH;5648;Saint-Sulpice (VD);186;5586;2;Lausanne;2532400;1151400
CH;5649;Tolochenaz;159;5586;2;Lausanne;2526000;1150900
CH;5650;Vaux-sur-Morges;210;5586;4;Lausanne;2525200;1154300
CH;5651;Villars-Sainte-Croix;165;5586;2;Lausanne;2532800;1157800
CH;5652;Villars-sous-Yens;304;5586;4;Lausanne;2522600;1151500
CH;5653;Vufflens-le-Château;214;5586;4;Lausanne;2525700;1153300
CH;5654;Vullierens;684;5586;4;Lausanne;2526700;1158400
CH;5655;Yens;951;5586;4;Lausanne;2521700;1152400
CH;5656;Hautemorges;3296;5586;4;Lausanne;2522500;1156200
CH;5661;Boulens;342;5586;4;Lausanne;2545000;1170300
CH;5663;Bussy-sur-Moudon;312;5586;4;Lausanne;2552000;1170700
CH;5665;Chavannes-sur-Moudon;515;5586;4;Lausanne;2551800;1167600
CH;5673;Hermenches;477;5586;4;Lausanne;2548000;1165800
CH;5680;Ogens;340;5586;4;Lausanne;2545300;1173600
CH;5684;Rossenges;108;5586;4;Lausanne;2549100;1167300
CH;5688;Syens;252;5586;4;Lausanne;2549500;1166300
CH;5692;Vucherens;328;5586;4;Lausanne;2549100;1163700
CH;5693;Montanaire;3350;5586;4;Lausanne;2547800;1172700
CH;5701;Arnex-sur-Nyon;204;T_6621;4;Genève (CH);2504000;1136700
CH;5702;Arzier-Le Muids;5190;T_6621;4;Genève (CH);2505500;1146100
CH;5703;Bassins;2078;T_6621;4;Genève (CH);2507400;1146600
CH;5704;Begnins;479;T_6621;4;Genève (CH);2508700;1144000
CH;5705;Bogis-Bossey;245;T_6621;3;Genève (CH);2502100;1134400
CH;5706;Borex;199;T_6621;4;Genève (CH);2502900;1137200
CH;5707;Chavannes-de-Bogis;286;T_6621;3;Genève (CH);2501700;1133300
CH;5708;Chavannes-des-Bois;212;T_6621;4;Genève (CH);2499400;1130200
CH;5709;Chéserex;1058;T_6621;4;Genève (CH);2502800;1139600
CH;5710;Coinsins;291;T_6621;4;Genève (CH);2507700;1142100
CH;5711;Commugny;653;T_6621;3;Genève (CH);2502600;1130500
CH;5712;Coppet;187;T_6621;3;Genève (CH);2504000;1130300
CH;5713;Crans (VD);431;T_6621;4;Genève (CH);2505000;1134800
CH;5714;Crassier;203;T_6621;4;Genève (CH);2501900;1136700
CH;5715;Duillier;411;T_6621;4;Genève (CH);2507300;1140500
CH;5716;Eysins;238;T_6621;3;Genève (CH);2505200;1137400
CH;5717;Founex;479;T_6621;3;Genève (CH);2504100;1132100
CH;5718;Genolier;486;T_6621;4;Genève (CH);2506100;1143300
CH;5719;Gingins;1256;T_6621;4;Genève (CH);2503100;1140500
CH;5720;Givrins;396;T_6621;4;Genève (CH);2504900;1142700
CH;5721;Gland;832;T_6621;3;Genève (CH);2509700;1141700
CH;5722;Grens;255;T_6621;4;Genève (CH);2504000;1138800
CH;5723;Mies;346;T_6621;3;Genève (CH);2502200;1128800
CH;5724;Nyon;680;T_6621;3;Genève (CH);2507700;1137500
CH;5725;Prangins;607;T_6621;3;Genève (CH);2508500;1138800
CH;5726;La Rippe;1659;T_6621;4;Genève (CH);2500900;1137500
CH;5727;Saint-Cergue;2428;T_6621;4;Genève (CH);2501600;1144700
CH;5728;Signy-Avenex;194;T_6621;4;Genève (CH);2504900;1138400
CH;5729;Tannay;180;T_6621;3;Genève (CH);2502800;1129400
CH;5730;Trélex;577;T_6621;4;Genève (CH);2505100;1141200
CH;5731;Le Vaud;311;T_6621;4;Genève (CH);2507500;1148100
CH;5732;Vich;155;T_6621;3;Genève (CH);2508700;1142700
CH;5746;Bavois;935;5586;4;Lausanne;2533300;1170700
CH;5749;Chavornay;1928;5586;4;Lausanne;2533600;1173100
CH;5752;Croy;448;5586;4;Lausanne;2526400;1171900
CH;5785;Corcelles-le-Jorat;794;5586;4;Lausanne;2546600;1162000
CH;5790;Maracon;438;5586;4;Lausanne;2556500;1155600
CH;5792;Montpreveyres;412;5586;4;Lausanne;2546500;1159200
CH;5798;Ropraz;481;5586;4;Lausanne;2547400;1162800
CH;5799;Servion;632;5586;4;Lausanne;2549800;1158500
CH;5803;Vulliens;663;5586;4;Lausanne;2550500;1163500
CH;5804;Jorat-Menthue;1765;5586;4;Lausanne;2543700;1164100
CH;5805;Oron;2628;5586;4;Lausanne;2553100;1158000
CH;5806;Jorat-Mézières;1109;5586;4;Lausanne;2549200;1161800
CH;5816;Corcelles-près-Payerne;1211;95822;6;Payerne;2563600;1186800
CH;5822;Payerne;2418;95822;6;Payerne;2561700;1185700
CH;5852;Bursinel;178;T_6621;4;Genève (CH);2512800;1143700
CH;5853;Bursins;337;T_6621;4;Genève (CH);2511800;1145100
CH;5855;Dully;165;T_6621;4;Genève (CH);2512300;1143000
CH;5857;Gilly;776;T_6621;4;Genève (CH);2512300;1145800
CH;5858;Luins;267;T_6621;4;Genève (CH);2510300;1144000
CH;5859;Mont-sur-Rolle;386;T_6621;4;Genève (CH);2515400;1147200
CH;5861;Rolle;274;T_6621;4;Genève (CH);2515300;1145800
CH;5863;Vinzel;110;T_6621;4;Genève (CH);2510900;1144600
CH;5882;Chardonne;1031;5890;2;Vevey – Montreux;2553000;1147500
CH;5883;Corseaux;107;5890;2;Vevey – Montreux;2552900;1147000
CH;5884;Corsier-sur-Vevey;674;5890;2;Vevey – Montreux;2554200;1146700
CH;5885;Jongny;216;5890;2;Vevey – Montreux;2554300;1147800
CH;5886;Montreux;3341;5890;1;Vevey – Montreux;2559500;1142800
CH;5889;La Tour-de-Peilz;326;5890;2;Vevey – Montreux;2555600;1144800
CH;5890;Vevey;240;5890;1;Vevey – Montreux;2554400;1145700
CH;5891;Veytaux;677;5890;2;Vevey – Montreux;2560700;1141100
CH;5892;Blonay - Saint-Légier;3124;5890;2;Vevey – Montreux;2558200;1146000
CH;5903;Bioley-Magnoux;429;5586;4;Lausanne;2544400;1175300
CH;5904;Chamblon;286;5938;4;Yverdon-les-Bains;2536400;1181200
CH;5905;Champvent;903;5938;4;Yverdon-les-Bains;2533800;1181700
CH;5909;Cheseaux-Noréaz;590;5938;2;Yverdon-les-Bains;2541400;1181100
CH;5922;Montagny-près-Yverdon;352;5938;2;Yverdon-les-Bains;2536900;1182600
CH;5924;Orges;402;5938;4;Yverdon-les-Bains;2535100;1184400
CH;5926;Pomy;562;5938;4;Yverdon-les-Bains;2541200;1179000
CH;5931;Treycovagnes;208;5938;4;Yverdon-les-Bains;2536600;1180600
CH;5933;Valeyres-sous-Montagny;228;5938;2;Yverdon-les-Bains;2536700;1183400
CH;5935;Villars-Epeney;86;5938;4;Yverdon-les-Bains;2543300;1181400
CH;5937;Vugelles-La Mothe;307;5938;4;Yverdon-les-Bains;2534300;1186200
CH;5938;Yverdon-les-Bains;1354;5938;1;Yverdon-les-Bains;2539000;1181200
CH;5939;Yvonand;1341;5938;4;Yverdon-les-Bains;2546900;1183500
CH;6002;Brig-Glis;3766;6002;1;Brig – Visp;2642400;1129600
CH;6004;Eggerberg;605;6002;4;Brig – Visp;2634000;1128900
CH;6007;Naters;14722;6002;2;Brig – Visp;2642300;1130700
CH;6008;Ried-Brig;4757;6002;4;Brig – Visp;2644500;1129500
CH;6010;Termen;1865;6002;4;Brig – Visp;2645000;1131000
CH;6011;Zwischbergen;8603;6002;4;Brig – Visp;2654200;1116200
CH;6021;Ardon;2039;6266;3;Sion;2586000;1117800
CH;6023;Conthey;8495;6266;3;Sion;2589700;1119900
CH;6024;Nendaz;8596;6266;4;Sion;2589700;1115200
CH;6025;Vétroz;1043;6266;3;Sion;2587900;1119400
CH;6082;Ayent;5533;6266;4;Sion;2597600;1125000
CH;6084;Hérémence;10746;6266;4;Sion;2597400;1114300
CH;6087;Saint-Martin (VS);3700;6266;4;Sion;2600400;1113500
CH;6089;Vex;1305;6266;4;Sion;2596800;1117800
CH;6090;Mont-Noble;4345;6266;4;Sion;2599200;1119700
CH;6131;Bovernier;1307;6136;4;Martigny;2572800;1103200
CH;6136;Martigny;3259;6136;1;Martigny;2571500;1105300
CH;6137;Martigny-Combe;3741;6136;2;Martigny;2569000;1105000
CH;6152;Collombey-Muraz;2975;6153;2;Monthey;2560600;1125300
CH;6153;Monthey;2870;6153;1;Monthey;2562300;1122500
CH;6156;Troistorrents;3696;6153;2;Monthey;2559800;1119800
CH;6172;Bister;581;6002;4;Brig – Visp;2648200;1134500
CH;6173;Bitsch;579;6002;4;Brig – Visp;2643900;1132100
CH;6177;Grengiols;5852;6002;4;Brig – Visp;2650400;1135900
CH;6191;Ausserberg;1501;6002;4;Brig – Visp;2631800;1129300
CH;6193;Bürchen;1347;6002;4;Brig – Visp;2628900;1125900
CH;6194;Eischoll;1409;6002;4;Brig – Visp;2626300;1127000
CH;6198;Niedergesteln;1762;6002;4;Brig – Visp;2626400;1129200
CH;6199;Raron;3038;6002;4;Brig – Visp;2627900;1128900
CH;6201;Unterbäch;2208;6002;4;Brig – Visp;2627800;1126000
CH;6203;Mörel-Filet;855;6002;4;Brig – Visp;2646700;1134100
CH;6215;Massongex;664;6153;4;Monthey;2565400;1121300
CH;6232;Chalais;2434;6248;4;Sierre;2605300;1123800
CH;6235;Chippis;197;6248;2;Sierre;2608000;1125300
CH;6238;Grône;2072;6266;4;Sion;2601300;1122200
CH;6239;Icogne;2483;6266;4;Sion;2600000;1126600
CH;6246;Saint-Léonard;388;6266;4;Sion;2598500;1122500
CH;6248;Sierre;1913;6248;1;Sierre;2607300;1127000
CH;6253;Crans-Montana;5966;96253;6;Crans-Montana;2604400;1129400
CH;6254;Noble-Contrée;650;6248;2;Sierre;2607000;1128400
CH;6261;Arbaz;1917;6266;4;Sion;2595800;1124600
CH;6263;Grimisuat;445;6266;2;Sion;2595800;1123200
CH;6265;Savièse;7098;6266;2;Sion;2593000;1122000
CH;6266;Sion;3486;6266;1;Sion;2594000;1120100
CH;6267;Veysonnaz;114;6266;4;Sion;2592200;1116100
CH;6281;Baltschieder;3134;6002;2;Brig – Visp;2632800;1128700
CH;6282;Eisten;3801;6002;4;Brig – Visp;2635100;1116600
CH;6283;Embd;1339;6002;4;Brig – Visp;2630700;1118300
CH;6286;Lalden;130;6002;2;Brig – Visp;2635800;1127700
CH;6293;Stalden (VS);1050;6002;4;Brig – Visp;2633300;1120300
CH;6294;Staldenried;1427;6002;4;Brig – Visp;2634200;1119900
CH;6296;Törbel;1751;6002;4;Brig – Visp;2631800;1120800
CH;6297;Visp;1320;6002;1;Brig – Visp;2634300;1126900
CH;6298;Visperterminen;5163;6002;4;Brig – Visp;2635800;1123100
CH;6299;Zeneggen;756;6002;4;Brig – Visp;2632900;1124700
CH;6300;Zermatt;24291;96300;6;Zermatt;2623900;1096500
CH;6404;Boudry;1676;6458;4;Neuchâtel;2554300;1200000
CH;6408;Cortaillod;368;6458;4;Neuchâtel;2554900;1199200
CH;6413;Rochefort;2585;6458;4;Neuchâtel;2552200;1203200
CH;6416;Milvignes;879;6458;4;Neuchâtel;2556000;1201800
CH;6421;La Chaux-de-Fonds;5571;T_6421;1;La Chaux-de-Fonds – Le Locle (CH);2553400;1216900
CH;6422;Les Planchettes;1173;T_6421;4;La Chaux-de-Fonds – Le Locle (CH);2549300;1217500
CH;6423;La Sagne;2555;T_6421;4;La Chaux-de-Fonds – Le Locle (CH);2551400;1210000
CH;6434;Le Cerneux-Péquignot;1570;T_6421;4;La Chaux-de-Fonds – Le Locle (CH);2541200;1207600
CH;6435;La Chaux-du-Milieu;1731;T_6421;4;La Chaux-de-Fonds – Le Locle (CH);2544000;1207200
CH;6436;Le Locle;3466;T_6421;3;La Chaux-de-Fonds – Le Locle (CH);2547600;1212000
CH;6451;Cornaux;473;6458;4;Neuchâtel;2568200;1209800
CH;6452;Cressier (NE);857;6458;4;Neuchâtel;2569500;1211200
CH;6453;Enges;958;6458;4;Neuchâtel;2567600;1211800
CH;6454;Hauterive (NE);213;6458;2;Neuchâtel;2564500;1207100
CH;6455;Le Landeron;1028;6458;4;Neuchâtel;2571600;1211600
CH;6456;Lignières;1252;6458;4;Neuchâtel;2571600;1214700
CH;6458;Neuchâtel;3008;6458;1;Neuchâtel;2561300;1204700
CH;6459;Saint-Blaise;886;6458;2;Neuchâtel;2565600;1207100
CH;6461;La Tène;529;6458;2;Neuchâtel;2567200;1206900
CH;6601;Aire-la-Ville;293;T_6621;4;Genève (CH);2492300;1116400
CH;6602;Anières;385;T_6621;4;Genève (CH);2506300;1125700
CH;6603;Avully;462;T_6621;4;Genève (CH);2489000;1114200
CH;6604;Avusy;517;T_6621;4;Genève (CH);2489600;1111300
CH;6605;Bardonnex;500;T_6621;4;Genève (CH);2497000;1111800
CH;6606;Bellevue;436;T_6621;4;Genève (CH);2501000;1123500
CH;6607;Bernex;1295;T_6621;2;Genève (CH);2494600;1114700
CH;6608;Carouge (GE);270;T_6621;2;Genève (CH);2499700;1115600
CH;6609;Cartigny;438;T_6621;4;Genève (CH);2490400;1114600
CH;6610;Céligny;466;T_6621;4;Genève (CH);2504300;1134000
CH;6611;Chancy;538;T_6621;4;Genève (CH);2486700;1112000
CH;6612;Chêne-Bougeries;414;T_6621;2;Genève (CH);2503400;1117000
CH;6613;Chêne-Bourg;128;T_6621;2;Genève (CH);2504000;1116600
CH;6614;Choulex;391;T_6621;4;Genève (CH);2506400;1120000
CH;6615;Collex-Bossy;689;T_6621;4;Genève (CH);2498400;1125200
CH;6616;Collonge-Bellerive;612;T_6621;2;Genève (CH);2504400;1121800
CH;6617;Cologny;365;T_6621;2;Genève (CH);2503100;1119200
CH;6618;Confignon;277;T_6621;2;Genève (CH);2495500;1114500
CH;6619;Corsier (GE);274;T_6621;4;Genève (CH);2506400;1124200
CH;6620;Dardagny;860;T_6621;4;Genève (CH);2488600;1116900
CH;6621;Genève;1593;T_6621;1;Genève (CH);2500000;1117900
CH;6622;Genthod;287;T_6621;4;Genève (CH);2501100;1124600
CH;6623;Le Grand-Saconnex;438;T_6621;2;Genève (CH);2498600;1121100
CH;6624;Gy;329;T_6621;4;Genève (CH);2508900;1123000
CH;6625;Hermance;144;T_6621;4;Genève (CH);2508000;1128500
CH;6626;Jussy;1135;T_6621;4;Genève (CH);2509500;1121000
CH;6627;Laconnex;383;T_6621;4;Genève (CH);2491700;1112600
CH;6628;Lancy;477;T_6621;2;Genève (CH);2498100;1116300
CH;6629;Meinier;695;T_6621;4;Genève (CH);2507100;1122400
CH;6630;Meyrin;994;T_6621;2;Genève (CH);2494600;1120600
CH;6631;Onex;281;T_6621;2;Genève (CH);2496500;1115500
CH;6632;Perly-Certoux;254;T_6621;4;Genève (CH);2495800;1112600
CH;6633;Plan-les-Ouates;585;T_6621;2;Genève (CH);2498000;1113900
CH;6634;Pregny-Chambésy;324;T_6621;4;Genève (CH);2500100;1122000
CH;6635;Presinge;471;T_6621;4;Genève (CH);2509000;1119200
CH;6636;Puplinge;267;T_6621;2;Genève (CH);2506800;1118300
CH;6637;Russin;491;T_6621;4;Genève (CH);2490000;1116100
CH;6638;Satigny;1892;T_6621;4;Genève (CH);2491500;1119100
CH;6639;Soral;294;T_6621;4;Genève (CH);2492200;1111300
CH;6640;Thônex;382;T_6621;2;Genève (CH);2504200;1116000
CH;6641;Troinex;343;T_6621;2;Genève (CH);2500400;1113000
CH;6642;Vandoeuvres;442;T_6621;2;Genève (CH);2504600;1119600
CH;6643;Vernier;769;T_6621;2;Genève (CH);2495700;1119100
CH;6644;Versoix;1050;T_6621;3;Genève (CH);2501500;1126500
CH;6645;Veyrier;650;T_6621;2;Genève (CH);2503200;1113600
CH;6702;Boécourt;1235;T_6711;4;Delémont (CH);2583100;1244300
CH;6704;Châtillon (JU);531;T_6711;4;Delémont (CH);2592800;1241800
CH;6706;Courchapoix;639;T_6711;4;Delémont (CH);2601300;1244200
CH;6708;Courrendlin;2155;T_6711;4;Delémont (CH);2595100;1243100
CH;6709;Courroux;1974;T_6711;2;Delémont (CH);2595200;1245600
CH;6710;Courtételle;1356;T_6711;4;Delémont (CH);2590900;1243300
CH;6711;Delémont;2197;T_6711;1;Delémont (CH);2593000;1245900
CH;6712;Develier;1247;T_6711;4;Delémont (CH);2589100;1245000
CH;6715;Mervelier;974;T_6711;4;Delémont (CH);2604800;1243600
CH;6716;Mettembert;234;T_6711;4;Delémont (CH);2591200;1249700
CH;6719;Pleigne;1784;T_6711;4;Delémont (CH);2588800;1250700
CH;6721;Rossemaison;189;T_6711;2;Delémont (CH);2592700;1243900
CH;6724;Soyhières;750;T_6711;4;Delémont (CH);2594800;1249100
CH;6730;Val Terbi;4669;T_6711;4;Delémont (CH);2598200;1244200
CH;6790;Fontenais;1999;96800;6;Porrentruy;2573000;1250300
CH;6800;Porrentruy;1476;96800;6;Porrentruy;2572800;1251800
AT;AT_80201;Alberschwende;2114;T_3251;4;Rheintal (AT/CH);2781300;1258900
AT;AT_80205;Bildstein;914;T_3251;2;Rheintal (AT/CH);2777300;1259200
AT;AT_80207;Bregenz;1590;T_3251;2;Rheintal (AT/CH);2774400;1263200
AT;AT_80208;Buch;614;T_3251;4;Rheintal (AT/CH);2779000;1261700
AT;AT_80210;Doren;1419;T_3251;4;Rheintal (AT/CH);2783500;1263200
AT;AT_80212;Eichenberg;1159;T_3251;4;Rheintal (AT/CH);2777400;1267600
AT;AT_80213;Fußach;684;T_3251;2;Rheintal (AT/CH);2767000;1261000
AT;AT_80214;Gaißau;406;T_3251;4;Rheintal (AT/CH);2761900;1261000
AT;AT_80215;Hard;1064;T_3251;2;Rheintal (AT/CH);2769300;1261800
AT;AT_80217;Höchst;1393;T_3251;2;Rheintal (AT/CH);2765000;1260500
AT;AT_80218;Hörbranz;876;T_3251;4;Rheintal (AT/CH);2774400;1269400
AT;AT_80219;Hohenweiler;842;T_3251;4;Rheintal (AT/CH);2776300;1272700
AT;AT_80220;Kennelbach;322;T_3251;2;Rheintal (AT/CH);2775300;1261700
AT;AT_80221;Krumbach;871;T_3251;4;Rheintal (AT/CH);2786700;1262300
AT;AT_80222;Langen bei Bregenz;2186;T_3251;4;Rheintal (AT/CH);2780300;1265600
AT;AT_80223;Langenegg;1047;T_3251;4;Rheintal (AT/CH);2785100;1260300
AT;AT_80224;Lauterach;1191;T_3251;2;Rheintal (AT/CH);2771400;1259900
AT;AT_80225;Lingenau;688;T_3251;4;Rheintal (AT/CH);2786900;1258600
AT;AT_80226;Lochau;1059;T_3251;4;Rheintal (AT/CH);2775300;1265900
AT;AT_80229;Möggers;1142;T_3251;4;Rheintal (AT/CH);2778000;1270900
AT;AT_80235;Schwarzach;491;T_3251;2;Rheintal (AT/CH);2775200;1257800
AT;AT_80238;Sulzberg;2305;T_3251;4;Rheintal (AT/CH);2786200;1266600
AT;AT_80240;Wolfurt;1000;T_3251;2;Rheintal (AT/CH);2774100;1259600
AT;AT_80301;Dornbirn;12092;T_3251;1;Rheintal (AT/CH);2776000;1249700
AT;AT_80302;Hohenems;2922;T_3251;2;Rheintal (AT/CH);2771100;1248700
AT;AT_80303;Lustenau;2229;T_3251;1;Rheintal (AT/CH);2768500;1255100
AT;AT_80401;Altach;535;T_3251;2;Rheintal (AT/CH);2766700;1247400
AT;AT_80402;Düns;345;T_3251;4;Rheintal (AT/CH);2772000;1232900
AT;AT_80404;Feldkirch;3435;T_3251;1;Rheintal (AT/CH);2762000;1235900
AT;AT_80405;Frastanz;3080;T_3251;4;Rheintal (AT/CH);2767900;1230900
AT;AT_80406;Fraxern;887;T_3251;4;Rheintal (AT/CH);2770700;1243900
AT;AT_80407;Göfis;905;T_3251;4;Rheintal (AT/CH);2766000;1234300
AT;AT_80408;Götzis;1463;T_3251;2;Rheintal (AT/CH);2767900;1245200
AT;AT_80409;Klaus;525;T_3251;2;Rheintal (AT/CH);2766700;1242600
AT;AT_80410;Koblach;1024;T_3251;2;Rheintal (AT/CH);2764100;1243700
AT;AT_80411;Laterns;4378;T_3251;4;Rheintal (AT/CH);2776100;1237600
AT;AT_80412;Mäder;324;T_3251;2;Rheintal (AT/CH);2764600;1246800
AT;AT_80413;Meiningen;538;T_3251;4;Rheintal (AT/CH);2761800;1241000
AT;AT_80414;Rankweil;2187;T_3251;2;Rheintal (AT/CH);2765600;1238400
AT;AT_80416;Röthis;273;T_3251;2;Rheintal (AT/CH);2767300;1240400
AT;AT_80417;Satteins;1271;T_3251;4;Rheintal (AT/CH);2769200;1233400
AT;AT_80420;Sulz;301;T_3251;2;Rheintal (AT/CH);2766500;1240100
AT;AT_80421;Übersaxen;577;T_3251;4;Rheintal (AT/CH);2770200;1235800
AT;AT_80422;Viktorsberg;1251;T_3251;4;Rheintal (AT/CH);2772500;1242200
AT;AT_80423;Weiler;308;T_3251;2;Rheintal (AT/CH);2767500;1241600
AT;AT_80424;Zwischenwasser;2263;T_3251;2;Rheintal (AT/CH);2771700;1239700
DE;DE_08335002;Allensbach;2674;T_4671;4;Konstanz – Kreuzlingen (DE/CH);2722700;1288600
DE;DE_08335015;Büsingen am Hochrhein;762;T_2939;4;Schaffhausen (CH/DE);2693800;1284200
DE;DE_08335043;Konstanz, Universitätsstadt;5310;T_4671;1;Konstanz – Kreuzlingen (DE/CH);2731800;1285400
DE;DE_08335066;Reichenau;449;T_4671;4;Konstanz – Kreuzlingen (DE/CH);2727900;1288000
DE;DE_08336006;Bad Bellingen;1703;T_2701;4;Basel (CH/DE/FR);2609400;1285600
DE;DE_08336008;Binzen;567;T_2701;4;Basel (CH/DE/FR);2613600;1276000
DE;DE_08336014;Efringen-Kirchen;4366;T_2701;4;Basel (CH/DE/FR);2609600;1280100
DE;DE_08336019;Eimeldingen;354;T_2701;4;Basel (CH/DE/FR);2611700;1275800
DE;DE_08336024;Fischingen;185;T_2701;4;Basel (CH/DE/FR);2612200;1277700
DE;DE_08336034;Hasel;1170;T_2701;4;Basel (CH/DE/FR);2634200;1279300
DE;DE_08336036;Hausen im Wiesental;466;T_2701;4;Basel (CH/DE/FR);2629400;1281600
DE;DE_08336043;Inzlingen;947;T_2701;2;Basel (CH/DE/FR);2619700;1270900
DE;DE_08336045;Kandern;6218;T_2701;4;Basel (CH/DE/FR);2616100;1283700
DE;DE_08336050;Lörrach;3961;T_2701;2;Basel (CH/DE/FR);2618400;1275300
DE;DE_08336057;Maulburg;975;T_2701;3;Basel (CH/DE/FR);2625500;1277000
DE;DE_08336069;Rheinfelden (Baden);6261;T_2701;3;Basel (CH/DE/FR);2624800;1270600
DE;DE_08336073;Rümmingen;450;T_2701;4;Basel (CH/DE/FR);2615900;1277300
DE;DE_08336075;Schallbach;396;T_2701;4;Basel (CH/DE/FR);2614000;1278500
DE;DE_08336081;Schopfheim;6865;T_2701;3;Basel (CH/DE/FR);2632500;1280300
DE;DE_08336082;Schwörstadt;2011;T_2701;4;Basel (CH/DE/FR);2631900;1273000
DE;DE_08336084;Steinen;4664;T_2701;3;Basel (CH/DE/FR);2622800;1280500
DE;DE_08336091;Weil am Rhein;1947;T_2701;2;Basel (CH/DE/FR);2612900;1272800
DE;DE_08336100;Wittlingen;372;T_2701;4;Basel (CH/DE/FR);2619000;1280400
DE;DE_08336103;Zell im Wiesental;3401;T_2701;4;Basel (CH/DE/FR);2638500;1287400
DE;DE_08336104;Malsburg-Marzell;2481;T_2701;4;Basel (CH/DE/FR);2621000;1289300
DE;DE_08336105;Grenzach-Wyhlen;1737;T_2701;4;Basel (CH/DE/FR);2618400;1266800
DE;DE_08336106;Häg-Ehrsberg;2517;T_2701;4;Basel (CH/DE/FR);2636500;1287700
DE;DE_08336107;Kleines Wiesental;7795;T_2701;4;Basel (CH/DE/FR);2626600;1289100
DE;DE_08337096;Bad Säckingen;2552;T_4260;1;Bad Säckingen – Stein (AG) (DE/CH);2638900;1268700
FR;FR_01071;Cessy;645;T_6621;3;Genève (CH/FR);2495200;1130300
FR;FR_01078;Challex;882;T_6621;4;Genève (CH/FR);2486700;1115000
FR;FR_01103;Chevry;580;T_6621;4;Genève (CH/FR);2492700;1126600
FR;FR_01109;Collonges;1631;T_6621;4;Genève (CH/FR);2481100;1111200
FR;FR_01135;Crozet;2730;T_6621;4;Genève (CH/FR);2488700;1127700
FR;FR_01143;Divonne-les-Bains;3374;T_6621;4;Genève (CH/FR);2498200;1136800
FR;FR_01153;Échenevex;1653;T_6621;4;Genève (CH/FR);2490600;1130400
FR;FR_01158;Farges;1424;T_6621;4;Genève (CH/FR);2481100;1113900
FR;FR_01160;Ferney-Voltaire;478;T_6621;3;Genève (CH/FR);2497300;1123000
FR;FR_01173;Gex;3187;T_6621;3;Genève (CH/FR);2492800;1133800
FR;FR_01180;Grilly;750;T_6621;4;Genève (CH/FR);2497900;1132000
FR;FR_01209;Léaz;1143;T_6621;4;Genève (CH/FR);2479200;1107500
FR;FR_01247;Mijoux;2192;T_6621;4;Genève (CH/FR);2489900;1135500
FR;FR_01281;Ornex;569;T_6621;4;Genève (CH/FR);2496300;1125900
FR;FR_01288;Péron;2606;T_6621;4;Genève (CH/FR);2482700;1116700
FR;FR_01308;Pougny;767;T_6621;4;Genève (CH/FR);2485000;1111400
FR;FR_01313;Prévessin-Moëns;1206;T_6621;3;Genève (CH/FR);2494600;1123800
FR;FR_01354;Saint-Genis-Pouilly;986;T_6621;4;Genève (CH/FR);2491800;1123400
FR;FR_01360;Saint-Jean-de-Gonville;1222;T_6621;4;Genève (CH/FR);2484400;1119500
FR;FR_01397;Sauverny;182;T_6621;4;Genève (CH/FR);2497600;1129800
FR;FR_01399;Ségny;327;T_6621;4;Genève (CH/FR);2494800;1127800
FR;FR_01401;Sergy;976;T_6621;4;Genève (CH/FR);2488200;1124500
FR;FR_01419;Thoiry;2893;T_6621;4;Genève (CH/FR);2486300;1122400
FR;FR_01435;Versonnex;585;T_6621;4;Genève (CH/FR);2496900;1128500
FR;FR_01436;Vesancy;1077;T_6621;4;Genève (CH/FR);2495700;1135300
FR;FR_25148;La Chenalotte;494;T_6421;4;La Chaux-de-Fonds – Le Locle (CH/FR);2542900;1217700
FR;FR_25321;Villers-le-Lac;3035;T_6421;4;La Chaux-de-Fonds – Le Locle (CH/FR);2543100;1213500
FR;FR_68013;Attenschwiller;514;T_2701;4;Basel (CH/DE/FR);2602200;1268500
FR;FR_68021;Bartenheim;1302;T_2701;4;Basel (CH/DE/FR);2603700;1276200
FR;FR_68025;Bendorf;738;T_2701;4;Basel (CH/DE/FR);2587900;1259200
FR;FR_68027;Berentzwiller;611;T_2701;4;Basel (CH/DE/FR);2596100;1270000
FR;FR_68034;Bettlach;420;T_2701;4;Basel (CH/DE/FR);2598700;1262300
FR;FR_68035;Biederthal;412;T_2701;4;Basel (CH/DE/FR);2599800;1257800
FR;FR_68042;Blotzheim;1506;T_2701;4;Basel (CH/DE/FR);2604200;1272600
FR;FR_68049;Bouxwiller;637;T_2701;4;Basel (CH/DE/FR);2592600;1261400
FR;FR_68054;Brinckheim;342;T_2701;4;Basel (CH/DE/FR);2601400;1274500
FR;FR_68061;Buschwiller;412;T_2701;2;Basel (CH/DE/FR);2604400;1267300
FR;FR_68075;Durmenach;573;T_2701;4;Basel (CH/DE/FR);2592400;1263900
FR;FR_68080;Emlingen;247;T_2701;4;Basel (CH/DE/FR);2588800;1275200
FR;FR_68087;Feldbach;506;T_2701;4;Basel (CH/DE/FR);2586300;1264800
FR;FR_68090;Ferrette;194;T_2701;4;Basel (CH/DE/FR);2590700;1260300
FR;FR_68092;Fislis;745;T_2701;4;Basel (CH/DE/FR);2595700;1262500
FR;FR_68094;Folgensbourg;687;T_2701;4;Basel (CH/DE/FR);2600200;1265300
FR;FR_68096;Franken;628;T_2701;4;Basel (CH/DE/FR);2593500;1271600
FR;FR_68103;Geispitzen;609;T_2701;4;Basel (CH/DE/FR);2601400;1281000
FR;FR_68120;Hagenthal-le-Bas;647;T_2701;4;Basel (CH/DE/FR);2603100;1264300
FR;FR_68121;Hagenthal-le-Haut;502;T_2701;4;Basel (CH/DE/FR);2601200;1263100
FR;FR_68124;Hausgauen;583;T_2701;4;Basel (CH/DE/FR);2590700;1272500
FR;FR_68126;Hégenheim;703;T_2701;2;Basel (CH/DE/FR);2606500;1267800
FR;FR_68131;Heiwiller;204;T_2701;4;Basel (CH/DE/FR);2591300;1274700
FR;FR_68132;Helfrantzkirch;637;T_2701;4;Basel (CH/DE/FR);2598100;1272600
FR;FR_68135;Hésingue;907;T_2701;2;Basel (CH/DE/FR);2605900;1269900
FR;FR_68148;Hundsbach;406;T_2701;4;Basel (CH/DE/FR);2592300;1272000
FR;FR_68149;Huningue;288;T_2701;2;Basel (CH/DE/FR);2610700;1270800
FR;FR_68158;Jettingen;636;T_2701;4;Basel (CH/DE/FR);2595400;1271600
FR;FR_68160;Kappelen;518;T_2701;4;Basel (CH/DE/FR);2600200;1273600
FR;FR_68163;Kembs;1640;T_2701;4;Basel (CH/DE/FR);2604600;1281000
FR;FR_68168;Knoeringue;479;T_2701;4;Basel (CH/DE/FR);2597200;1268000
FR;FR_68169;Koestlach;816;T_2701;4;Basel (CH/DE/FR);2587400;1262400
FR;FR_68170;Koetzingue;521;T_2701;4;Basel (CH/DE/FR);2596500;1277500
FR;FR_68182;Leymen;1168;T_2701;4;Basel (CH/DE/FR);2603400;1261000
FR;FR_68183;Liebenswiller;390;T_2701;4;Basel (CH/DE/FR);2600800;1261100
FR;FR_68186;Ligsdorf;1004;T_2701;4;Basel (CH/DE/FR);2589600;1257200
FR;FR_68187;Linsdorf;342;T_2701;4;Basel (CH/DE/FR);2597500;1262700
FR;FR_68190;Lucelle;1038;T_6711;4;Delémont (CH/FR);2587700;1254100
FR;FR_68194;Lutter;862;T_2701;4;Basel (CH/DE/FR);2594900;1256300
FR;FR_68197;Magstatt-le-Bas;336;T_2701;4;Basel (CH/DE/FR);2598000;1276500
FR;FR_68198;Magstatt-le-Haut;390;T_2701;4;Basel (CH/DE/FR);2596600;1275100
FR;FR_68207;Michelbach-le-Bas;501;T_2701;4;Basel (CH/DE/FR);2602000;1271400
FR;FR_68208;Michelbach-le-Haut;742;T_2701;4;Basel (CH/DE/FR);2599900;1268000
FR;FR_68221;Muespach;1140;T_2701;4;Basel (CH/DE/FR);2595000;1266500
FR;FR_68222;Muespach-le-Haut;690;T_2701;4;Basel (CH/DE/FR);2597700;1265500
FR;FR_68232;Neuwiller;386;T_2701;4;Basel (CH/DE/FR);2605600;1263700
FR;FR_68238;Niffer;876;T_2701;4;Basel (CH/DE/FR);2604400;1284900
FR;FR_68240;Illtal;1194;T_2701;4;Basel (CH/DE/FR);2589500;1268100
FR;FR_68248;Oltingue;1334;T_2701;4;Basel (CH/DE/FR);2597000;1259800
FR;FR_68254;Petit-Landau;1748;T_2701;4;Basel (CH/DE/FR);2605200;1287100
FR;FR_68259;Raedersdorf;733;T_2701;4;Basel (CH/DE/FR);2593500;1257700
FR;FR_68263;Ranspach-le-Bas;452;T_2701;4;Basel (CH/DE/FR);2600500;1270700
FR;FR_68264;Ranspach-le-Haut;447;T_2701;4;Basel (CH/DE/FR);2598500;1269900
FR;FR_68265;Rantzwiller;529;T_2701;4;Basel (CH/DE/FR);2594900;1277600
FR;FR_68273;Riespach;762;T_2701;4;Basel (CH/DE/FR);2588700;1265000
FR;FR_68284;Roppentzwiller;406;T_2701;4;Basel (CH/DE/FR);2591700;1265200
FR;FR_68286;Rosenau;633;T_2701;4;Basel (CH/DE/FR);2607700;1276400
FR;FR_68297;Saint-Louis;1706;T_2701;2;Basel (CH/DE/FR);2607600;1272400
FR;FR_68309;Sierentz;1322;T_2701;4;Basel (CH/DE/FR);2602100;1279000
FR;FR_68312;Sondersdorf;849;T_2701;4;Basel (CH/DE/FR);2592000;1258400
FR;FR_68325;Steinsoultz;405;T_2701;4;Basel (CH/DE/FR);2593000;1267500
FR;FR_68327;Stetten;437;T_2701;4;Basel (CH/DE/FR);2598500;1274800
FR;FR_68333;Tagsdorf;251;T_2701;4;Basel (CH/DE/FR);2589600;1274400
FR;FR_68341;Uffheim;433;T_2701;4;Basel (CH/DE/FR);2599900;1277000
FR;FR_68347;Vieux-Ferrette;668;T_2701;4;Basel (CH/DE/FR);2589900;1262000
FR;FR_68349;Village-Neuf;680;T_2701;2;Basel (CH/DE/FR);2609700;1273200
FR;FR_68353;Wahlbach;626;T_2701;4;Basel (CH/DE/FR);2593000;1275400
FR;FR_68355;Waldighofen;413;T_2701;4;Basel (CH/DE/FR);2590800;1266300
FR;FR_68357;Waltenheim;236;T_2701;4;Basel (CH/DE/FR);2598800;1278200
FR;FR_68362;Wentzwiller;476;T_2701;4;Basel (CH/DE/FR);2602600;1266300
FR;FR_68363;Werentzhouse;454;T_2701;4;Basel (CH/DE/FR);2594200;1263200
FR;FR_68380;Wolschwiller;1021;T_2701;4;Basel (CH/DE/FR);2597600;1256200
FR;FR_68382;Zaessingue;513;T_2701;4;Basel (CH/DE/FR);2595000;1274300
FR;FR_74008;Ambilly;123;T_6621;2;Genève (CH/FR);2506200;1116700
FR;FR_74009;Andilly;611;T_6621;4;Genève (CH/FR);2494100;1103000
FR;FR_74012;Annemasse;494;T_6621;2;Genève (CH/FR);2507700;1116200
FR;FR_74015;Arbusigny;1221;T_6621;4;Genève (CH/FR);2504700;1104600
FR;FR_74016;Archamps;1072;T_6621;4;Genève (CH/FR);2499500;1108600
FR;FR_74018;Arenthon;1146;T_6621;4;Genève (CH/FR);2514900;1105700
FR;FR_74021;Arthaz-Pont-Notre-Dame;595;T_6621;4;Genève (CH/FR);2509600;1112700
FR;FR_74025;Ballaison;1326;T_6621;4;Genève (CH/FR);2515700;1127500
FR;FR_74031;Beaumont;973;T_6621;4;Genève (CH/FR);2498000;1105900
FR;FR_74037;Boëge;1609;T_6621;4;Genève (CH/FR);2518700;1119100
FR;FR_74040;Bonne;861;T_6621;4;Genève (CH/FR);2513500;1113900
FR;FR_74043;Bons-en-Chablais;1897;T_6621;4;Genève (CH/FR);2516900;1124100
FR;FR_74044;Bossey;390;T_6621;4;Genève (CH/FR);2502100;1111700
FR;FR_74048;Brenthonne;843;T_6621;4;Genève (CH/FR);2519500;1124700
FR;FR_74050;Burdignin;981;T_6621;4;Genève (CH/FR);2521800;1120500
FR;FR_74052;Cernex;1271;T_6621;4;Genève (CH/FR);2491600;1102200
FR;FR_74059;La Chapelle-Rambaud;428;T_6621;4;Genève (CH/FR);2507200;1103000
FR;FR_74066;Chavannaz;320;T_6621;4;Genève (CH/FR);2489900;1100800
FR;FR_74069;Chênex;543;T_6621;4;Genève (CH/FR);2488000;1106700
FR;FR_74070;Chens-sur-Léman;1088;T_6621;4;Genève (CH/FR);2509700;1129400
FR;FR_74071;Chessenaz;530;T_6621;4;Genève (CH/FR);2481400;1099900
FR;FR_74074;Chevrier;530;T_6621;4;Genève (CH/FR);2481900;1107800
FR;FR_74077;Clarafond-Arcine;1699;T_6621;4;Genève (CH/FR);2480600;1103700
FR;FR_74082;Collonges-sous-Salève;616;T_6621;4;Genève (CH/FR);2501200;1110200
FR;FR_74086;Contamine-Sarzin;684;T_6621;4;Genève (CH/FR);2487100;1097700
FR;FR_74087;Contamine-sur-Arve;678;T_6621;4;Genève (CH/FR);2514900;1109700
FR;FR_74088;Copponex;924;T_6621;4;Genève (CH/FR);2494100;1100100
FR;FR_74090;Cornier;677;T_6621;4;Genève (CH/FR);2511200;1104800
FR;FR_74094;Cranves-Sales;1367;T_6621;4;Genève (CH/FR);2512300;1116700
FR;FR_74101;Dingy-en-Vuache;723;T_6621;4;Genève (CH/FR);2484900;1105200
FR;FR_74105;Douvaine;1058;T_6621;4;Genève (CH/FR);2512100;1128900
FR;FR_74118;Étrembières;536;T_6621;2;Genève (CH/FR);2505000;1113900
FR;FR_74121;Excenevex;666;T_6621;4;Genève (CH/FR);2515500;1133300
FR;FR_74122;Faucigny;493;T_6621;4;Genève (CH/FR);2517300;1107700
FR;FR_74124;Feigères;775;T_6621;4;Genève (CH/FR);2494300;1107400
FR;FR_74126;Fessy;853;T_6621;4;Genève (CH/FR);2521600;1124900
FR;FR_74128;Fillinges;1170;T_6621;4;Genève (CH/FR);2515900;1113400
FR;FR_74133;Gaillard;391;T_6621;2;Genève (CH/FR);2504900;1115200
FR;FR_74139;Habère-Lullin;883;T_6621;4;Genève (CH/FR);2524600;1120600
FR;FR_74140;Habère-Poche;1195;T_6621;4;Genève (CH/FR);2525500;1123000
FR;FR_74144;Jonzier-Épagny;713;T_6621;4;Genève (CH/FR);2487800;1103800
FR;FR_74145;Juvigny;264;T_6621;4;Genève (CH/FR);2511400;1118900
FR;FR_74150;Loisin;780;T_6621;4;Genève (CH/FR);2512500;1126000
FR;FR_74153;Lucinges;763;T_6621;4;Genève (CH/FR);2514400;1116400
FR;FR_74156;Lully;484;T_6621;4;Genève (CH/FR);2520500;1127400
FR;FR_74158;Machilly;591;T_6621;4;Genève (CH/FR);2514000;1123100
FR;FR_74162;Marcellaz;416;T_6621;4;Genève (CH/FR);2516400;1111000
FR;FR_74168;Marlioz;812;T_6621;4;Genève (CH/FR);2489200;1098200
FR;FR_74171;Massongy;988;T_6621;4;Genève (CH/FR);2514200;1130800
FR;FR_74174;Mégevette;2166;T_6621;4;Genève (CH/FR);2528500;1117800
FR;FR_74177;Menthonnex-en-Bornes;854;T_6621;4;Genève (CH/FR);2502600;1101700
FR;FR_74180;Messery;924;T_6621;4;Genève (CH/FR);2512200;1133300
FR;FR_74184;Minzier;876;T_6621;4;Genève (CH/FR);2487900;1101400
FR;FR_74185;Monnetier-Mornex;1150;T_6621;4;Genève (CH/FR);2505200;1111900
FR;FR_74193;La Muraz;1420;T_6621;4;Genève (CH/FR);2503900;1108300
FR;FR_74197;Nangy;432;T_6621;4;Genève (CH/FR);2512500;1111500
FR;FR_74199;Nernier;183;T_6621;4;Genève (CH/FR);2512800;1135000
FR;FR_74201;Neydens;703;T_6621;4;Genève (CH/FR);2496800;1108300
FR;FR_74209;Peillonnex;641;T_6621;4;Genève (CH/FR);2518200;1109500
FR;FR_74211;Pers-Jussy;1863;T_6621;4;Genève (CH/FR);2508700;1106200
FR;FR_74216;Présilly;860;T_6621;4;Genève (CH/FR);2495700;1104600
FR;FR_74220;Reignier-Esery;2506;T_6621;4;Genève (CH/FR);2509000;1110000
FR;FR_74226;Saint-André-de-Boëge;1250;T_6621;4;Genève (CH/FR);2518400;1116200
FR;FR_74228;Saint-Blaise;253;T_6621;4;Genève (CH/FR);2495600;1102500
FR;FR_74229;Saint-Cergues;1251;T_6621;4;Genève (CH/FR);2514100;1120500
FR;FR_74240;Saint-Jean-de-Tholome;1232;T_6621;4;Genève (CH/FR);2520700;1107100
FR;FR_74243;Saint-Julien-en-Genevois;1061;T_6621;4;Genève (CH/FR);2494900;1110600
FR;FR_74259;Le Sappey;1368;T_6621;4;Genève (CH/FR);2501100;1104900
FR;FR_74260;Savigny;1026;T_6621;4;Genève (CH/FR);2484900;1103000
FR;FR_74261;Saxel;562;T_6621;4;Genève (CH/FR);2520100;1121900
FR;FR_74262;Scientrier;721;T_6621;4;Genève (CH/FR);2513300;1108200
FR;FR_74263;Sciez;2040;T_6621;4;Genève (CH/FR);2518500;1130900
FR;FR_74284;La Tour;776;T_6621;4;Genève (CH/FR);2522100;1109600
FR;FR_74285;Usinens;745;T_6621;4;Genève (CH/FR);2476900;1097100
FR;FR_74288;Valleiry;687;T_6621;4;Genève (CH/FR);2486500;1108200
FR;FR_74291;Vanzy;562;T_6621;4;Genève (CH/FR);2479200;1099300
FR;FR_74293;Veigy-Foncenex;1303;T_6621;4;Genève (CH/FR);2509700;1124900
FR;FR_74296;Vers;595;T_6621;4;Genève (CH/FR);2490600;1105000
FR;FR_74298;Vétraz-Monthoux;710;T_6621;2;Genève (CH/FR);2509200;1115000
FR;FR_74301;Villard;738;T_6621;4;Genève (CH/FR);2523700;1118300
FR;FR_74304;Ville-en-Sallaz;334;T_6621;4;Genève (CH/FR);2521500;1110900
FR;FR_74305;Ville-la-Grand;451;T_6621;2;Genève (CH/FR);2509100;1117700
FR;FR_74309;Viry;2591;T_6621;4;Genève (CH/FR);2490700;1108500
FR;FR_74311;Viuz-en-Sallaz;2095;T_6621;4;Genève (CH/FR);2520300;1113000
FR;FR_74313;Vovray-en-Bornes;649;T_6621;4;Genève (CH/FR);2499500;1102000
FR;FR_74314;Vulbens;1245;T_6621;4;Genève (CH/FR);2483800;1107500
FR;FR_74315;Yvoire;313;T_6621;4;Genève (CH/FR);2514800;1135200
IT;IT_012027;Cadegliano-Viconago;1024;T_5192;3;Lugano (CH/IT);2708000;1091600
IT;IT_012056;Cremenaga;453;T_5192;4;Lugano (CH/IT);2705400;1093200
IT;IT_012059;Cugliate-Fabiasco;655;T_5192;3;Lugano (CH/IT);2707000;1088800
IT;IT_012086;Lavena Ponte Tresa;414;T_5192;3;Lugano (CH/IT);2710300;1090500
IT;IT_012097;Marchirolo;550;T_5192;3;Lugano (CH/IT);2708500;1088700
IT;IT_013003;Albavilla;1039;T_5250;2;Como – Chiasso – Mendrisio (IT/CH);2735700;1074600
IT;IT_013004;Albese con Cassano;796;T_5250;2;Como – Chiasso – Mendrisio (IT/CH);2734000;1074400
IT;IT_013006;Alserio;199;T_5250;2;Como – Chiasso – Mendrisio (IT/CH);2737300;1071400
IT;IT_013007;Alzate Brianza;760;T_5250;2;Como – Chiasso – Mendrisio (IT/CH);2735700;1069200
IT;IT_013009;Anzano del Parco;325;T_5250;2;Como – Chiasso – Mendrisio (IT/CH);2737600;1070100
IT;IT_013021;Bene Lario;559;T_5192;4;Lugano (CH/IT);2734100;1098400
IT;IT_013026;Blevio;374;T_5250;4;Como – Chiasso – Mendrisio (IT/CH);2729700;1077400
IT;IT_013030;Brienno;619;T_5250;4;Como – Chiasso – Mendrisio (IT/CH);2730600;1086000
IT;IT_013032;Brunate;203;T_5250;2;Como – Chiasso – Mendrisio (IT/CH);2729000;1075800
IT;IT_013040;Campione d'Italia;93;T_5192;4;Lugano (CH/IT);2718600;1092300
IT;IT_013044;Carate Urio;556;T_5250;4;Como – Chiasso – Mendrisio (IT/CH);2729800;1082500
IT;IT_013047;Carlazzo;1274;T_5192;4;Lugano (CH/IT);2733000;1101500
IT;IT_013053;Casnate con Bernate;523;T_5250;4;Como – Chiasso – Mendrisio (IT/CH);2727200;1068800
IT;IT_013062;Cavargna;1496;T_5192;4;Lugano (CH/IT);2728500;1107400
IT;IT_013065;Cernobbio;1044;T_5250;2;Como – Chiasso – Mendrisio (IT/CH);2726500;1079700
IT;IT_013071;Claino con Osteno;857;T_5192;4;Lugano (CH/IT);2728700;1096400
IT;IT_013075;Como;3520;T_5250;1;Como – Chiasso – Mendrisio (IT/CH);2727700;1073700
IT;IT_013077;Corrido;620;T_5192;4;Lugano (CH/IT);2730400;1101800
IT;IT_013085;Cusino;966;T_5192;4;Lugano (CH/IT);2734200;1105300
IT;IT_013087;Dizzasco;361;T_5250;4;Como – Chiasso – Mendrisio (IT/CH);2729700;1089800
IT;IT_013098;Faggeto Lario;1609;T_5250;4;Como – Chiasso – Mendrisio (IT/CH);2734700;1079800
IT;IT_013110;Grandate;283;T_5250;4;Como – Chiasso – Mendrisio (IT/CH);2725800;1070200
IT;IT_013119;Laglio;464;T_5250;4;Como – Chiasso – Mendrisio (IT/CH);2731200;1083300
IT;IT_013129;Lipomo;230;T_5250;2;Como – Chiasso – Mendrisio (IT/CH);2730800;1072300
IT;IT_013135;Luisago;216;T_5250;3;Como – Chiasso – Mendrisio (IT/CH);2724700;1068900
IT;IT_013144;Maslianico;128;T_5250;2;Como – Chiasso – Mendrisio (IT/CH);2725100;1078200
IT;IT_013152;Moltrasio;767;T_5250;4;Como – Chiasso – Mendrisio (IT/CH);2728300;1081600
IT;IT_013154;Montano Lucino;524;T_5250;3;Como – Chiasso – Mendrisio (IT/CH);2723700;1072300
IT;IT_013157;Montorfano;351;T_5250;4;Como – Chiasso – Mendrisio (IT/CH);2732700;1071400
IT;IT_013161;Nesso;1136;T_5250;4;Como – Chiasso – Mendrisio (IT/CH);2734800;1084500
IT;IT_013170;Orsenigo;446;T_5250;2;Como – Chiasso – Mendrisio (IT/CH);2735000;1071100
IT;IT_013184;Pigra;454;T_5250;4;Como – Chiasso – Mendrisio (IT/CH);2730600;1091600
IT;IT_013186;Pognana Lario;383;T_5250;4;Como – Chiasso – Mendrisio (IT/CH);2734100;1082600
IT;IT_013189;Porlezza;1579;T_5192;4;Lugano (CH/IT);2731800;1097700
IT;IT_013197;Rodero;253;T_5250;4;Como – Chiasso – Mendrisio (IT/CH);2715000;1075900
IT;IT_013199;Ronago;211;T_5250;4;Como – Chiasso – Mendrisio (IT/CH);2720100;1076600
IT;IT_013204;San Bartolomeo Val Cavargna;1051;T_5192;4;Lugano (CH/IT);2733000;1106500
IT;IT_013206;San Fermo della Battaglia;577;T_5250;2;Como – Chiasso – Mendrisio (IT/CH);2724200;1074200
IT;IT_013207;San Nazzaro Val Cavargna;1298;T_5192;4;Lugano (CH/IT);2730900;1107500
IT;IT_013211;Schignano;1014;T_5250;4;Como – Chiasso – Mendrisio (IT/CH);2728600;1086600
IT;IT_013222;Tavernerio;1192;T_5250;2;Como – Chiasso – Mendrisio (IT/CH);2732200;1074900
IT;IT_013223;Torno;566;T_5250;4;Como – Chiasso – Mendrisio (IT/CH);2731300;1078700
IT;IT_013233;Val Rezzo;659;T_5192;4;Lugano (CH/IT);2728400;1103500
IT;IT_013234;Valsolda;2448;T_5192;4;Lugano (CH/IT);2725000;1100100
IT;IT_013245;Villa Guardia;788;T_5250;3;Como – Chiasso – Mendrisio (IT/CH);2723200;1070400
IT;IT_013251;Colverde;853;T_5250;2;Como – Chiasso – Mendrisio (IT/CH);2721400;1073800
IT;IT_103060;Re;2721;T_5113;4;Locarno (CH/IT);2687200;1111400
IT;IT_103079;Valle Cannobina;5527;T_5113;4;Locarno (CH/IT);2690400;1105900
LI;LI_7001;Vaduz;1728;T_3271;1;Vaduz – Buchs (LI/CH);2758300;1223800
LI;LI_7002;Triesen;2646;T_3271;2;Vaduz – Buchs (LI/CH);2760600;1216700
LI;LI_7003;Balzers;1972;T_3271;4;Vaduz – Buchs (LI/CH);2756900;1214900
LI;LI_7004;Triesenberg;2972;T_3271;4;Vaduz – Buchs (LI/CH);2761000;1221700
LI;LI_7005;Schaan;2695;T_3271;1;Vaduz – Buchs (LI/CH);2756600;1226600
LI;LI_7006;Planken;536;T_3271;4;Vaduz – Buchs (LI/CH);2760600;1227800
LI;LI_7007;Eschen;1039;T_3271;4;Vaduz – Buchs (LI/CH);2759300;1229700
LI;LI_7008;Mauren;747;T_3271;4;Vaduz – Buchs (LI/CH);2760400;1231600
LI;LI_7009;Gamprin;617;T_3271;4;Vaduz – Buchs (LI/CH);2756400;1231000
LI;LI_7010;Ruggell;739;T_3271;4;Vaduz – Buchs (LI/CH);2758600;1235100
LI;LI_7011;Schellenberg;356;T_3271;4;Vaduz – Buchs (LI/CH);2760400;1234100
;;;;;;;;
;;;;;;;;
;;;;;;;;
;;;;;;;;
